"Y","TtdU","TtdA","TtdB","TtdVW","TtdR1","TtdR3"
"0","0","0","0","0","0","0"
"0","0","0","0","0","0","0"
"0","0","0","0","0","0","0"
"0","0","0","0","0","0","0"
"0","0","0","0","0","0","0"
"0","0","0","0","0","0","0"
"0","0","0","0","0","0","0"
"0","0","0","0","0","0","0"
"0","0","0","0","0","0","0"
"0","0","0","0","0","0","0"
"0","0","0","0","0","0","0"
"0","0","0","0","0","0","0"
"0","0","0","0","0","0","0"
"0","0","0","0","0","0","0"
"0","0","0","0","0","0","0"
"0","0","0","0","0","0","0"
"0","0","0","0","0","0","0"
"0","0","0","0","0","0","0"
"0","0","0","0","0","0","0"
"0","0","0","0","0","0","0"
"0","0","0","0","0","0","0"
"0","0","0","0","0","0","0"
"0","0","0","0","0","0","0"
"0","0","0","0","0","0","0"
"0","0","0","0","0","0","0"
"0","0","0","0","0","0","0"
"0","0","0","0","0","0","0"
"0","0","0","0","0","0","0"
"0","0","0","0","0","0","0"
"0","0","0","0","0","0","0"
"0","0","0","0","0","0","0"
"0","0","0","0","0","0","0"
"0","0","0","0","0","0","0"
"0","0","0","0","0","0","0"
"0","0","0","0","0","0","0"
"0","0","0","0","0","0","0"
"0","0","0","0","0","0","0"
"0","0","0","0","0","0","0"
"0","0","0","0","0","0","0"
"0","0","0","0","0","0","0"
"0","0","0","0","0","0","0"
"0","0","0","0","0","0","0"
"0","0","0","0","0","0","0"
"0","0","0","0","0","0","0"
"0","0","0","0","0","0","0"
"0","0","0","0","0","0","0"
"0","0","0","0","0","0","0"
"0","0","0","0","0","0","0"
"0","0","0","0","0","0","0"
"0","0","0","0","0","0","0"
"0","0","0","0","0","0","0"
"0","0","0","0","0","0","0"
"0","0","0","0","0","0","0"
"0","0","0","0","0","0","0"
"0","0","0","0","0","0","0"
"0","0","0","0","0","0","0"
"0","0","0","0","0","0","0"
"0","0","0","0","0","0","0"
"0","0","0","0","0","0","0"
"0","0","0","0","0","0","0"
"0","0","0","0","0","0","0"
"0","0","0","0","0","0","0"
"0","0","0","0","0","0","0"
"0","0","0","0","0","0","0"
"0","0","0","0","0","0","0"
"0","0","0","0","0","0","0"
"0","0","0","0","0","0","0"
"0","0","0","0","0","0","0"
"0","0","0","0","0","0","0"
"0","0","0","0","0","0","0"
"0","0","0","0","0","0","0"
"0","0","0","0","0","0","0"
"0","0","0","0","0","0","0"
"0","0","0","0","0","0","0"
"0","0","0","0","0","0","0"
"0","0","0","0","0","0","0"
"0","0","0","0","0","0","0"
"0","0","0","0","0","0","0"
"0","0","0","0","0","0","0"
"0","0","0","0","0","0","0"
"0","0","0","0","0","0","0"
"0","0","0","0","0","0","0"
"0","0","0","0","0","0","0"
"0","0","0","0","0","0","0"
"0","0","0","0","0","0","0"
"0","0","0","0","0","0","0"
"0","0","0","0","0","0","0"
"0","0","0","0","0","0","0"
"0","0","0","0","0","0","0"
"0","0","0","0","0","0","0"
"0","0","0","0","0","0","0"
"0","0","0","0","0","0","0"
"0","0","0","0","0","0","0"
"0","0","0","0","0","0","0"
"0","0","0","0","0","0","0"
"0","0","0","0","0","0","0"
"0","0","0","0","0","0","0"
"0","0","0","0","0","0","0"
"0","0","0","0","0","0","0"
"0","0","0","0","0","0","0"
"0","0","0","0","0","0","0"
"0","0","0","0","0","0","0"
"0","0","0","0","0","0","0"
"0","0","0","0","0","0","0"
"0","0","0","0","0","0","0"
"0","0","0","0","0","0","0"
"0","0","0","0","0","0","0"
"0","0","0","0","0","0","0"
"0","0","0","0","0","0","0"
"0","0","0","0","0","0","0"
"0","0","0","0","0","0","0"
"0","0","0","0","0","0","0"
"0","0","0","0","0","0","0"
"0","0","0","0","0","0","0"
"0","0","0","0","0","0","0"
"0","0","0","0","0","0","0"
"0","0","0","0","0","0","0"
"0","0","0","0","0","0","0"
"0","0","0","0","0","0","0"
"0","0","0","0","0","0","0"
"0","0","0","0","0","0","0"
"0","0","0","0","0","0","0"
"0","0","0","0","0","0","0"
"0","0","0","0","0","0","0"
"0","0","0","0","0","0","0"
"0","0","0","0","0","0","0"
"0","0","0","0","0","0","0"
"0","0","0","0","0","0","0"
"0","0","0","0","0","0","0"
"0","0","0","0","0","0","0"
"0","0","0","0","0","0","0"
"0","0","0","0","0","0","0"
"0","0","0","0","0","0","0"
"0","0","0","0","0","0","0"
"0","0","0","0","0","0","0"
"0","0","0","0","0","0","0"
"0","0","0","0","0","0","0"
"0","0","0","0","0","0","0"
"0","0","0","0","0","0","0"
"0","0","0","0","0","0","0"
"0","0","0","0","0","0","0"
"0","0","0","0","0","0","0"
"0","0","0","0","0","0","0"
"0","0","0","0","0","0","0"
"0","0","0","0","0","0","0"
"0","0","0","0","0","0","0"
"0","0","0","0","0","0","0"
"0","0","0","0","0","0","0"
"0","0","0","0","0","0","0"
"0","0","0","0","0","0","0"
"0","0","0","0","0","0","0"
"0","0","0","0","0","0","0"
"0","0","0","0","0","0","0"
"0","0","0","0","0","0","0"
"0","0","0","0","0","0","0"
"0","0","0","0","0","0","0"
"0","0","0","0","0","0","0"
"0","0","0","0","0","0","0"
"0","0","0","0","0","0","0"
"0","0","0","0","0","0","0"
"0","0","0","0","0","0","0"
"0","0","0","0","0","0","0"
"0","0","0","0","0","0","0"
"0","0","0","0","0","0","0"
"0","0","0","0","0","0","0"
"0","0","0","0","0","0","0"
"0","0","0","0","0","0","0"
"0","0","0","0","0","0","0"
"0","0","0","0","0","0","0"
"0","0","0","0","0","0","0"
"0","0","0","0","0","0","0"
"0","0","0","0","0","0","0"
"0","0","0","0","0","0","0"
"0","0","0","0","0","0","0"
"0","0","0","0","0","0","0"
"0","0","0","0","0","0","0"
"0","0","0","0","0","0","0"
"0","0","0","0","0","0","0"
"0","0","0","0","0","0","0"
"0","0","0","0","0","0","0"
"0","0","0","0","0","0","0"
"0","0","0","0","0","0","0"
"0","0","0","0","0","0","0"
"0","0","0","0","0","0","0"
"0","0","0","0","0","0","0"
"0","0","0","0","0","0","0"
"0","0","0","0","0","0","0"
"0","0","0","0","0","0","0"
"0","0","0","0","0","0","0"
"0","0","0","0","0","0","0"
"0","0","0","0","0","0","0"
"0","0","0","0","0","0","0"
"0","0","0","0","0","0","0"
"0","0","0","0","0","0","0"
"0","0","0","0","0","0","0"
"0","0","0","0","0","0","0"
"0","0","0","0","0","0","0"
"0","0","0","0","0","0","0"
"0","0","0","0","0","0","0"
"0","0","0","0","0","0","0"
"0","0","0","0","0","0","0"
"0","0","0","0","0","0","0"
"0","0","0","0","0","0","0"
"0","0","0","0","0","0","0"
"0","0","0","0","0","0","0"
"0","0","0","0","0","0","0"
"0","0","0","0","0","0","0"
"0","0","0","0","0","0","0"
"0","0","0","0","0","0","0"
"0","0","0","0","0","0","0"
"0","0","0","0","0","0","0"
"0","0","0","0","0","0","0"
"0","0","0","0","0","0","0"
"0","0","0","0","0","0","0"
"0","0","0","0","0","0","0"
"0","0","0","0","0","0","0"
"0","0","0","0","0","0","0"
"0","0","0","0","0","0","0"
"0","0","0","0","0","0","0"
"0","0","0","0","0","0","0"
"0","0","0","0","0","0","0"
"0","0","0","0","0","0","0"
"0","0","0","0","0","0","0"
"0","0","0","0","0","0","0"
"0","0","0","0","0","0","0"
"0","0","0","0","0","0","0"
"0","0","0","0","0","0","0"
"0","0","0","0","0","0","0"
"0","0","0","0","0","0","0"
"0","0","0","0","0","0","0"
"0","0","0","0","0","0","0"
"0","0","0","0","0","0","0"
"0","0","0","0","0","0","0"
"0","0","0","0","0","0","0"
"0","0","0","0","0","0","0"
"0","0","0","0","0","0","0"
"0","0","0","0","0","0","0"
"0","0","0","0","0","0","0"
"0","0","0","0","0","0","0"
"0","0","0","0","0","0","0"
"0","0","0","0","0","0","0"
"0","0","0","0","0","0","0"
"0","0","0","0","0","0","0"
"0","0","0","0","0","0","0"
"0","0","0","0","0","0","0"
"0","0","0","0","0","0","0"
"0","0","0","0","0","0","0"
"0","0","0","0","0","0","0"
"0","0","0","0","0","0","0"
"0","0","0","0","0","0","0"
"0","0","0","0","0","0","0"
"0","0","0","0","0","0","0"
"0","0","0","0","0","0","0"
"0","0","0","0","0","0","0"
"0","0","0","0","0","0","0"
"0","0","0","0","0","0","0"
"0","0","0","0","0","0","0"
"0","0","0","0","0","0","0"
"0","0","0","0","0","0","0"
"0","0","0","0","0","0","0"
"0","0","0","0","0","0","0"
"0","0","0","0","0","0","0"
"0","0","0","0","0","0","0"
"0","0","0","0","0","0","0"
"0","0","0","0","0","0","0"
"0","0","0","0","0","0","0"
"0","0","0","0","0","0","0"
"0","0","0","0","0","0","0"
"0","0","0","0","0","0","0"
"0","0","0","0","0","0","0"
"0","0","0","0","0","0","0"
"0","0","0","0","0","0","0"
"0","0","0","0","0","0","0"
"0","0","0","0","0","0","0"
"0","0","0","0","0","0","0"
"0","0","0","0","0","0","0"
"0","0","0","0","0","0","0"
"0","0","0","0","0","0","0"
"0","0","0","0","0","0","0"
"0","0","0","0","0","0","0"
"0","0","0","0","0","0","0"
"0","0","0","0","0","0","0"
"0","0","0","0","0","0","0"
"0","0","0","0","0","0","0"
"0","0","0","0","0","0","0"
"0","0","0","0","0","0","0"
"0","0","0","0","0","0","0"
"0","0","0","0","0","0","0"
"0","0","0","0","0","0","0"
"0","0","0","0","0","0","0"
"0","0","0","0","0","0","0"
"0","0","0","0","0","0","0"
"0","0","0","0","0","0","0"
"0","0","0","0","0","0","0"
"0","0","0","0","0","0","0"
"0","0","0","0","0","0","0"
"0","0","0","0","0","0","0"
"0","0","0","0","0","0","0"
"0","0","0","0","0","0","0"
"0","0","0","0","0","0","0"
"0","0","0","0","0","0","0"
"0","0","0","0","0","0","0"
"0","0","0","0","0","0","0"
"0","0","0","0","0","0","0"
"0","0","0","0","0","0","0"
"0","0","0","0","0","0","0"
"0","0","0","0","0","0","0"
"0","0","0","0","0","0","0"
"0","0","0","0","0","0","0"
"0","0","0","0","0","0","0"
"0","0","0","0","0","0","0"
"0","0","0","0","0","0","0"
"0","0","0","0","0","0","0"
"0","0","0","0","0","0","0"
"0","0","0","0","0","0","0"
"0","0","0","0","0","0","0"
"0","0","0","0","0","0","0"
"1","0","1","1","0","0","0"
"0","0","0","0","0","0","0"
"0","0","0","0","0","0","0"
"0","0","0","0","0","0","0"
"0","0","0","0","0","0","0"
"0","0","0","0","0","0","0"
"0","0","0","0","0","0","0"
"0","0","0","0","0","0","0"
"0","0","0","0","0","0","0"
"0","0","0","0","0","0","0"
"0","0","0","0","0","0","0"
"0","0","0","0","0","0","0"
"0","0","0","0","0","0","0"
"0","0","0","0","0","0","0"
"0","0","0","0","0","0","0"
"0","0","0","0","0","0","0"
"0","0","0","0","0","0","0"
"0","0","0","0","0","0","0"
"0","0","0","0","0","0","0"
"0","0","0","0","0","0","0"
"0","0","0","0","0","0","0"
"0","0","0","0","0","0","0"
"0","0","0","0","0","0","0"
"0","0","0","0","0","0","0"
"0","0","0","0","0","0","0"
"0","0","0","0","0","0","0"
"0","0","0","0","0","0","0"
"0","0","0","0","0","0","0"
"0","0","0","0","0","0","0"
"0","0","0","0","0","0","0"
"0","0","0","0","0","0","0"
"0","0","0","0","0","0","0"
"0","0","0","0","0","0","0"
"0","0","0","0","0","0","0"
"0","0","0","0","0","0","0"
"0","0","0","0","0","0","0"
"0","0","0","0","0","0","0"
"0","0","0","0","0","0","0"
"0","0","0","0","0","0","0"
"0","0","0","0","0","0","0"
"0","0","0","0","0","0","0"
"0","0","0","0","0","0","0"
"0","0","0","0","0","0","0"
"0","0","0","0","0","0","0"
"0","0","0","0","0","0","0"
"0","0","0","0","0","0","0"
"0","0","0","0","0","0","0"
"0","0","0","0","0","0","0"
"0","0","0","0","0","0","0"
"0","0","0","0","0","0","0"
"0","0","0","0","0","0","0"
"0","0","0","0","0","0","0"
"0","0","0","0","0","0","0"
"0","0","0","0","0","0","0"
"0","0","0","0","0","0","0"
"0","0","0","0","0","0","0"
"0","0","0","0","0","0","0"
"0","0","0","0","0","0","0"
"0","0","0","0","0","0","0"
"0","0","0","0","0","0","0"
"0","0","0","0","0","0","0"
"0","0","0","0","0","0","0"
"0","0","0","0","0","0","0"
"0","0","0","0","0","0","0"
"0","0","0","0","0","0","0"
"0","0","0","0","0","0","0"
"0","0","0","0","0","0","0"
"0","0","0","0","0","0","0"
"0","0","0","0","0","0","0"
"0","0","0","0","0","0","0"
"0","0","0","0","0","0","0"
"0","0","0","0","0","0","0"
"0","0","0","0","0","0","0"
"0","0","0","0","0","0","0"
"0","0","0","0","0","0","0"
"0","0","0","0","0","0","0"
"0","0","0","0","0","0","0"
"0","0","0","0","0","0","0"
"0","0","0","0","0","0","0"
"0","0","0","0","0","0","0"
"0","0","0","0","0","0","0"
"0","0","0","0","0","0","0"
"0","0","0","0","0","0","0"
"0","0","0","0","0","0","0"
"0","0","0","0","0","0","0"
"0","0","0","0","0","0","0"
"0","0","0","0","0","0","0"
"0","0","0","0","0","0","0"
"0","0","0","0","0","0","0"
"0","0","0","0","0","0","0"
"0","0","0","0","0","0","0"
"0","0","0","0","0","0","0"
"0","0","0","0","0","0","0"
"0","0","0","0","0","0","0"
"0","0","0","0","0","0","0"
"0","0","0","0","0","0","0"
"0","0","0","0","0","0","0"
"0","0","0","0","0","0","0"
"0","0","0","0","0","0","0"
"0","0","0","0","0","0","0"
"0","0","0","0","0","0","0"
"0","0","0","0","0","0","0"
"0","0","0","0","0","0","0"
"0","0","0","0","0","0","0"
"0","0","0","0","0","0","0"
"0","0","0","0","0","0","0"
"0","0","0","0","0","0","0"
"0","0","0","0","0","0","0"
"0","0","0","0","0","0","0"
"0","0","0","0","0","0","0"
"0","0","0","0","0","0","0"
"0","0","0","0","0","0","0"
"0","0","0","0","0","0","0"
"0","0","0","0","0","0","0"
"0","0","0","0","0","0","0"
"0","0","0","0","0","0","0"
"0","0","0","0","0","0","0"
"0","0","0","0","0","0","0"
"0","0","0","0","0","0","0"
"0","0","0","0","0","0","0"
"0","0","0","0","0","0","0"
"0","0","0","0","0","0","0"
"0","0","0","0","0","0","0"
"0","0","0","0","0","0","0"
"0","0","0","0","0","0","0"
"0","0","0","0","0","0","0"
"0","0","0","0","0","0","0"
"0","0","0","0","0","0","0"
"0","0","0","0","0","0","0"
"0","0","0","0","0","0","0"
"0","0","0","0","0","0","0"
"0","0","0","0","0","0","0"
"0","0","0","0","0","0","0"
"0","0","0","0","0","0","0"
"0","0","0","0","0","0","0"
"0","0","0","0","0","0","0"
"0","0","0","0","0","0","0"
"0","0","0","0","0","0","0"
"0","0","0","0","0","0","0"
"0","0","0","0","0","0","0"
"0","0","0","0","0","0","0"
"0","0","0","0","0","0","0"
"0","0","0","0","0","0","0"
"0","0","0","0","0","0","0"
"0","0","0","0","0","0","0"
"0","0","0","0","0","0","0"
"0","0","0","0","0","0","0"
"0","0","0","0","0","0","0"
"0","0","0","0","0","0","0"
"0","0","0","0","0","0","0"
"0","0","0","0","0","0","0"
"0","0","0","0","0","0","0"
"0","0","0","0","0","0","0"
"0","0","0","0","0","0","0"
"0","0","0","0","0","0","0"
"0","0","0","0","0","0","0"
"0","0","0","0","0","0","0"
"0","0","0","0","0","0","0"
"0","0","0","0","0","0","0"
"0","0","0","0","0","0","0"
"0","0","0","0","0","0","0"
"0","0","0","0","0","0","0"
"0","0","0","0","0","0","0"
"0","0","0","0","0","0","0"
"0","0","0","0","0","0","0"
"0","0","0","0","0","0","0"
"1","0","1","1","0","0","0"
"0","0","0","0","0","0","0"
"0","0","0","0","0","0","0"
"0","0","0","0","0","0","0"
"0","0","0","0","0","0","0"
"0","0","0","0","0","0","0"
"0","0","0","0","0","0","0"
"0","0","0","0","0","0","0"
"0","0","0","0","0","0","0"
"0","0","0","0","0","0","0"
"0","0","0","0","0","0","0"
"0","0","0","0","0","0","0"
"0","0","0","0","0","0","0"
"0","0","0","0","0","0","0"
"1","0","1","1","0","0","0"
"1","0","1","1","0","0","0"
"0","0","0","0","0","0","0"
"1","0","1","1","0","0","0"
"1","0","1","1","0","0","0"
"1","0","1","1","0","0","0"
"1","0","0","1","0","0","0"
"1","0","1","1","0","0","0"
"1","0","1","1","0","0","0"
"1","0","1","1","0","0","0"
"1","0","1","1","0","0","0"
"0","0","0","0","0","0","0"
"0","0","0","0","0","0","0"
"1","0","1","1","0","0","0"
"1","0","1","1","0","0","0"
"1","0","1","1","0","0","0"
"1","0","1","1","0","0","0"
"0","0","0","0","0","0","0"
"1","0","1","1","0","0","0"
"1","0","1","1","0","0","0"
"0","0","0","0","0","0","0"
"0","0","0","0","0","0","0"
"0","0","0","0","0","0","0"
"0","0","0","0","0","0","0"
"0","0","0","0","0","0","0"
"0","0","0","0","0","0","0"
"0","0","0","0","0","0","0"
"0","0","0","0","0","0","0"
"0","0","0","0","0","0","0"
"0","0","0","0","0","0","0"
"0","0","0","0","0","0","0"
"0","0","0","0","0","0","0"
"0","0","0","0","0","0","0"
"0","0","0","0","0","0","0"
"0","0","0","0","0","0","0"
"0","0","0","0","0","0","0"
"0","0","0","0","0","0","0"
"0","0","0","0","0","0","0"
"0","0","0","0","0","0","0"
"0","0","0","0","0","0","0"
"0","0","0","0","0","0","0"
"0","0","0","0","0","0","0"
"0","0","0","0","0","0","0"
"0","0","0","0","0","0","0"
"0","0","0","0","0","0","0"
"0","0","0","0","0","0","0"
"0","0","0","0","0","0","0"
"0","0","0","0","0","0","0"
"0","0","0","0","0","0","0"
"0","0","0","0","0","0","0"
"0","0","0","0","0","0","0"
"0","0","0","0","0","0","0"
"0","0","0","0","0","0","0"
"0","0","0","0","0","0","0"
"0","0","0","0","0","0","0"
"0","0","0","0","0","0","0"
"0","0","0","0","0","0","0"
"0","0","0","0","0","0","0"
"0","0","0","0","0","0","0"
"0","0","0","0","0","0","0"
"0","0","0","0","0","0","0"
"0","0","0","0","0","0","0"
"0","0","0","0","0","0","0"
"0","0","0","0","0","0","0"
"0","0","0","0","0","0","0"
"0","0","0","0","0","0","0"
"0","0","0","0","0","0","0"
"0","0","0","0","0","0","0"
"0","0","0","0","0","0","0"
"0","0","0","0","0","0","0"
"0","0","0","0","0","0","0"
"0","0","0","0","0","0","0"
"0","0","0","0","0","0","0"
"0","0","0","0","0","0","0"
"0","0","0","0","0","0","0"
"0","0","0","0","0","0","0"
"0","0","0","0","0","0","0"
"0","0","0","0","0","0","0"
"0","0","0","0","0","0","0"
"0","0","0","0","0","0","0"
"0","0","0","0","0","0","0"
"0","0","0","0","0","0","0"
"0","0","0","0","0","0","0"
"0","0","0","0","0","0","0"
"0","0","0","0","0","0","0"
"0","0","0","0","0","0","0"
"0","0","0","0","0","0","0"
"0","0","0","0","0","0","0"
"0","0","0","0","0","0","0"
"0","0","0","0","0","0","0"
"0","0","0","0","0","0","0"
"0","0","0","0","0","0","0"
"0","0","0","0","0","0","0"
"0","0","0","0","0","0","0"
"0","0","0","0","0","0","0"
"0","0","0","0","0","0","0"
"0","0","0","0","0","0","0"
"0","0","0","0","0","0","0"
"0","0","0","0","0","0","0"
"0","0","0","0","0","0","0"
"0","0","0","0","0","0","0"
"0","0","0","0","0","0","0"
"0","0","0","0","0","0","0"
"0","0","0","0","0","0","0"
"0","0","0","0","0","0","0"
"0","0","0","0","0","0","0"
"0","0","0","0","0","0","0"
"0","0","0","0","0","0","0"
"0","0","0","0","0","0","0"
"0","0","0","0","0","0","0"
"0","0","0","0","0","0","0"
"0","0","0","0","0","0","0"
"0","0","0","0","0","0","0"
"0","0","0","0","0","0","0"
"0","0","0","0","0","0","0"
"0","0","0","0","0","0","0"
"0","0","0","0","0","0","0"
"0","0","0","0","0","0","0"
"0","0","0","0","0","0","0"
"0","0","0","0","0","0","0"
"0","0","0","0","0","0","0"
"0","0","0","0","0","0","0"
"0","0","0","0","0","0","0"
"0","0","0","0","0","0","0"
"0","0","0","0","0","0","0"
"0","0","0","0","0","0","0"
"0","0","0","0","0","0","0"
"0","0","0","0","0","0","0"
"0","0","0","0","0","0","0"
"0","0","0","0","0","0","0"
"0","0","0","0","0","0","0"
"0","0","0","0","0","0","0"
"0","0","0","0","0","0","0"
"0","0","0","0","0","0","0"
"0","0","0","0","0","0","0"
"0","0","0","0","0","0","0"
"0","0","0","0","0","0","0"
"0","0","0","0","0","0","0"
"0","0","0","0","0","0","0"
"0","0","0","0","0","0","0"
"0","0","0","0","0","0","0"
"0","0","0","0","0","0","0"
"0","0","0","0","0","0","0"
"1","1","1","1","0","0","1"
"0","0","0","0","0","0","0"
"0","0","0","0","0","0","0"
"0","0","0","0","0","0","0"
"0","0","0","0","0","0","0"
"0","0","0","0","0","0","0"
"0","0","0","0","0","0","0"
"0","0","0","0","0","0","0"
"0","0","0","0","0","0","0"
"0","0","0","0","0","0","0"
"0","0","0","0","0","0","0"
"0","0","0","0","0","0","0"
"0","0","0","0","0","0","0"
"0","0","0","0","0","0","0"
"0","0","0","0","0","0","0"
"0","0","0","0","0","0","0"
"0","0","0","0","0","0","0"
"0","0","0","0","0","0","0"
"0","0","0","0","0","0","0"
"0","0","0","0","0","0","0"
"0","0","0","0","0","0","0"
"0","0","0","0","0","0","0"
"0","0","0","0","0","0","0"
"0","0","0","0","0","0","0"
"0","0","0","0","0","0","0"
"0","0","0","0","0","0","0"
"0","0","0","0","0","0","0"
"0","0","0","0","0","0","0"
"0","0","0","0","0","0","0"
"0","0","0","0","0","0","0"
"0","0","0","0","0","0","0"
"0","0","0","0","0","0","0"
"0","0","0","0","0","0","0"
"0","0","0","0","0","0","0"
"0","0","0","0","0","0","0"
"0","0","0","0","0","0","0"
"0","0","0","0","0","0","0"
"0","0","0","0","0","0","0"
"0","0","0","0","0","0","0"
"0","0","0","0","0","0","0"
"0","0","0","0","0","0","0"
"0","0","0","0","0","0","0"
"0","0","0","0","0","0","0"
"0","0","0","0","0","0","0"
"0","0","0","0","0","0","0"
"0","0","0","0","0","0","0"
"0","0","0","0","0","0","0"
"0","0","0","0","0","0","0"
"0","0","0","0","0","0","0"
"0","0","0","0","0","0","0"
"0","0","0","0","0","0","0"
"0","0","0","0","0","0","0"
"0","0","0","0","0","0","0"
"0","0","0","0","0","0","0"
"0","0","0","0","0","0","0"
"0","0","0","0","0","0","0"
"0","0","0","0","0","0","0"
"0","0","0","0","0","0","0"
"0","0","0","0","0","0","0"
"0","0","0","0","0","0","0"
"0","0","0","0","0","0","0"
"0","0","0","0","0","0","0"
"0","0","0","0","0","0","0"
"0","0","0","0","0","0","0"
"0","0","0","0","0","0","0"
"0","0","0","0","0","0","0"
"0","0","0","0","0","0","0"
"0","0","0","0","0","0","0"
"0","0","0","0","0","0","0"
"0","0","0","0","0","0","0"
"0","0","0","0","0","0","0"
"0","0","0","0","0","0","0"
"0","0","0","0","0","0","0"
"0","0","0","0","0","0","0"
"0","0","0","0","0","0","0"
"0","0","0","0","0","0","0"
"0","0","0","0","0","0","0"
"0","0","0","0","0","0","0"
"0","0","0","0","0","0","0"
"0","0","0","0","0","0","0"
"0","0","0","0","0","0","0"
"0","0","0","0","0","0","0"
"0","0","0","0","0","0","0"
"0","0","0","0","0","0","0"
"0","0","0","0","0","0","0"
"0","0","0","0","0","0","0"
"0","0","0","0","0","0","0"
"0","0","0","0","0","0","0"
"0","0","0","0","0","0","0"
"0","0","0","0","0","0","0"
"0","0","0","0","0","0","0"
"0","0","0","0","0","0","0"
"0","0","0","0","0","0","0"
"0","0","0","0","0","0","0"
"0","0","0","0","0","0","0"
"0","0","0","0","0","0","0"
"0","0","0","0","0","0","0"
"0","0","0","0","0","0","0"
"0","0","0","0","0","0","0"
"0","0","0","0","0","0","0"
"0","0","0","0","0","0","0"
"0","0","0","0","0","0","0"
"0","0","0","0","0","0","0"
"0","0","0","0","0","0","0"
"0","0","0","0","0","0","0"
"0","0","0","0","0","0","0"
"0","0","0","0","0","0","0"
"0","0","0","0","0","0","0"
"0","0","0","0","0","0","0"
"0","0","0","0","0","0","0"
"0","0","0","0","0","0","0"
"0","0","0","0","0","0","0"
"0","0","0","0","0","0","0"
"0","0","0","0","0","0","0"
"0","0","0","0","0","0","0"
"0","0","0","0","0","0","0"
"0","0","0","0","0","0","0"
"0","0","0","0","0","0","0"
"0","0","0","0","0","0","0"
"0","0","0","0","0","0","0"
"0","0","0","0","0","0","0"
"0","0","0","0","0","0","0"
"0","0","0","0","0","0","0"
"0","0","0","0","0","0","0"
"0","0","0","0","0","0","0"
"0","0","0","0","0","0","0"
"0","0","0","0","0","0","0"
"0","0","0","0","0","0","0"
"0","0","0","0","0","0","0"
"0","0","0","0","0","0","0"
"0","0","0","0","0","0","0"
"0","0","0","0","0","0","0"
"0","0","0","0","0","0","0"
"0","0","0","0","0","0","0"
"0","0","0","0","0","0","0"
"0","0","0","0","0","0","0"
"0","0","0","0","0","0","0"
"0","0","0","0","0","0","0"
"0","0","0","0","0","0","0"
"0","0","0","0","0","0","0"
"0","0","0","0","0","0","0"
"0","0","0","0","0","0","0"
"0","0","0","0","0","0","0"
"0","0","0","0","0","0","0"
"0","0","0","0","0","0","0"
"0","0","0","0","0","0","0"
"0","0","0","0","0","0","0"
"0","0","0","0","0","0","0"
"0","0","0","0","0","0","0"
"0","0","0","0","0","0","0"
"0","0","0","0","0","0","0"
"0","0","0","0","0","0","0"
"0","0","0","0","0","0","0"
"0","0","0","0","0","0","0"
"0","0","0","0","0","0","0"
"0","0","0","0","0","0","0"
"0","0","0","0","0","0","0"
"0","0","0","0","0","0","0"
"0","0","0","0","0","0","0"
"0","0","0","0","0","0","0"
"0","0","0","0","0","0","0"
"0","0","0","0","0","0","0"
"0","0","0","0","0","0","0"
"0","0","0","0","0","0","0"
"0","0","0","0","0","0","0"
"0","0","0","0","0","0","0"
"0","0","0","0","0","0","0"
"0","0","0","0","0","0","0"
"0","0","0","0","0","0","0"
"0","0","0","0","0","0","0"
"0","0","0","0","0","0","0"
"0","0","0","0","0","0","0"
"0","0","0","0","0","0","0"
"0","0","0","0","0","0","0"
"0","0","0","0","0","0","0"
"0","0","0","0","0","0","0"
"0","0","0","0","0","0","0"
"0","0","0","0","0","0","0"
"0","0","0","0","0","0","0"
"0","0","0","0","0","0","0"
"0","0","0","0","0","0","0"
"0","0","0","0","0","0","0"
"0","0","0","0","0","0","0"
"0","0","0","0","0","0","0"
"0","0","0","0","0","0","0"
"0","0","0","0","0","0","0"
"0","0","0","0","0","0","0"
"0","0","0","0","0","0","0"
"0","0","0","0","0","0","0"
"0","0","0","0","0","0","0"
"0","0","0","0","0","0","0"
"0","0","0","0","0","0","0"
"0","0","0","0","0","0","0"
"0","0","0","0","0","0","0"
"0","0","0","0","0","0","0"
"0","0","0","0","0","0","0"
"0","0","0","0","0","0","0"
"0","0","0","0","0","0","0"
"0","0","0","0","0","0","0"
"0","0","0","0","0","0","0"
"0","0","0","0","0","0","0"
"0","0","0","0","0","0","0"
"0","0","0","0","0","0","0"
"0","0","0","0","0","0","0"
"0","0","0","0","0","0","0"
"0","0","0","0","0","0","0"
"0","0","0","0","0","0","0"
"0","0","0","0","0","0","0"
"0","0","0","0","0","0","0"
"0","0","0","0","0","0","0"
"0","0","0","0","0","0","0"
"0","0","0","0","0","0","0"
"0","0","0","0","0","0","0"
"0","0","0","0","0","0","0"
"0","0","0","0","0","0","0"
"0","0","0","0","0","0","0"
"0","0","0","0","0","0","0"
"0","0","0","0","0","0","0"
"0","0","0","0","0","0","0"
"0","0","0","0","0","0","0"
"0","0","0","0","0","0","0"
"0","0","0","0","0","0","0"
"0","0","0","0","0","0","0"
"0","0","0","0","0","0","0"
"0","0","0","0","0","0","0"
"0","0","0","0","0","0","0"
"0","0","0","0","0","0","0"
"0","0","0","0","0","0","0"
"0","0","0","0","0","0","0"
"0","0","0","0","0","0","0"
"0","0","0","0","0","0","0"
"0","0","0","0","0","0","0"
"0","0","0","0","0","0","0"
"0","0","0","0","0","0","0"
"0","0","0","0","0","0","0"
"0","0","0","0","0","0","0"
"0","0","0","0","0","0","0"
"0","0","0","0","0","0","0"
"0","0","0","0","0","0","0"
"0","0","0","0","0","0","0"
"0","0","0","0","0","0","0"
"0","0","0","0","0","0","0"
"0","0","0","0","0","0","0"
"0","0","0","0","0","0","0"
"0","0","0","0","0","0","0"
"0","0","0","0","0","0","0"
"0","0","0","0","0","0","0"
"0","0","0","0","0","0","0"
"0","0","0","0","0","0","0"
"0","0","0","0","0","0","0"
"0","0","0","0","0","0","0"
"0","0","0","0","0","0","0"
"0","0","0","0","0","0","0"
"0","0","0","0","0","0","0"
"0","0","0","0","0","0","0"
"0","0","0","0","0","0","0"
"0","0","0","0","0","0","0"
"0","0","0","0","0","0","0"
"0","0","0","0","0","0","0"
"0","0","0","0","0","0","0"
"0","0","0","0","0","0","0"
"0","0","0","0","0","0","0"
"0","0","0","0","0","0","0"
"0","0","0","0","0","0","0"
"1","0","1","1","0","0","0"
"0","0","0","0","0","0","0"
"0","0","0","0","0","0","0"
"0","0","0","0","0","0","0"
"0","0","0","0","0","0","0"
"0","0","0","0","0","0","0"
"0","0","0","0","0","0","0"
"0","0","0","0","0","0","0"
"0","0","0","0","0","0","0"
"0","0","0","0","0","0","0"
"0","0","0","0","0","0","0"
"0","0","0","0","0","0","0"
"0","0","0","0","0","0","0"
"0","0","0","0","0","0","0"
"0","0","0","0","0","0","0"
"0","0","0","0","0","0","0"
"0","0","0","0","0","0","0"
"0","0","0","0","0","0","0"
"0","0","0","0","0","0","0"
"0","0","0","0","0","0","0"
"0","0","0","0","0","0","0"
"0","0","0","0","0","0","0"
"0","0","0","0","0","0","0"
"0","0","0","0","0","0","0"
"0","0","0","0","0","0","0"
"0","0","0","0","0","0","0"
"0","0","0","0","0","0","0"
"0","0","0","0","0","0","0"
"0","0","0","0","0","0","0"
"0","0","0","0","0","0","0"
"0","0","0","0","0","0","0"
"0","0","0","0","0","0","0"
"0","0","0","0","0","0","0"
"0","0","0","0","0","0","0"
"0","0","0","0","0","0","0"
"0","0","0","0","0","0","0"
"0","0","0","0","0","0","0"
"0","0","0","0","0","0","0"
"0","0","0","0","0","0","0"
"0","0","0","0","0","0","0"
"0","0","0","0","0","0","0"
"1","1","1","1","0","0","1"
"1","1","1","1","0","0","1"
"1","1","1","1","0","0","1"
"1","1","1","1","0","0","1"
"1","1","1","1","0","0","1"
"1","1","1","1","0","0","1"
"1","1","1","1","0","0","1"
"0","0","0","0","0","0","0"
"0","0","0","0","0","0","0"
"0","0","0","0","0","0","0"
"0","0","0","0","0","0","0"
"0","0","0","0","0","0","0"
"0","0","0","0","0","0","0"
"0","0","0","0","0","0","0"
"0","0","0","0","0","0","0"
"0","0","0","0","0","0","0"
"0","0","0","0","0","0","0"
"0","0","0","0","0","0","0"
"0","0","0","0","0","0","0"
"0","0","0","0","0","0","0"
"0","0","0","0","0","0","0"
"0","0","0","0","0","0","0"
"0","0","0","0","0","0","0"
"0","0","0","0","0","0","0"
"0","0","0","0","0","0","0"
"0","0","0","0","0","0","0"
"0","0","0","0","0","0","0"
"0","0","0","0","0","0","0"
"0","0","0","0","0","0","0"
"0","0","0","0","0","0","0"
"0","0","0","0","0","0","0"
"0","0","0","0","0","0","0"
"0","0","0","0","0","0","0"
"0","0","0","0","0","0","0"
"0","0","0","0","0","0","0"
"0","0","0","0","0","0","0"
"0","0","0","0","0","0","0"
"0","0","0","0","0","0","0"
"0","0","0","0","0","0","0"
"0","0","0","0","0","0","0"
"0","0","0","0","0","0","0"
"0","0","0","0","0","0","0"
"0","0","0","0","0","0","0"
"0","0","0","0","0","0","0"
"0","0","0","0","0","0","0"
"0","0","0","0","0","0","0"
"0","0","0","0","0","0","0"
"0","0","0","0","0","0","0"
"0","0","0","0","0","0","0"
"0","0","0","0","0","0","0"
"0","0","0","0","0","0","0"
"0","0","0","0","0","0","0"
"0","0","0","0","0","0","0"
"0","0","0","0","0","0","0"
"0","0","0","0","0","0","0"
"0","0","0","0","0","0","0"
"0","0","0","0","0","0","0"
"0","0","0","0","0","0","0"
"0","0","0","0","0","0","0"
"0","0","0","0","0","0","0"
"0","0","0","0","0","0","0"
"0","0","0","0","0","0","0"
"0","0","0","0","0","0","0"
"0","0","0","0","0","0","0"
"0","0","0","0","0","0","0"
"0","0","0","0","0","0","0"
"0","0","0","0","0","0","0"
"0","0","0","0","0","0","0"
"0","0","0","0","0","0","0"
"0","0","0","0","0","0","0"
"0","0","0","0","0","0","0"
"0","0","0","0","0","0","0"
"0","0","0","0","0","0","0"
"0","0","0","0","0","0","0"
"0","0","0","0","0","0","0"
"0","0","0","0","0","0","0"
"0","0","0","0","0","0","0"
"0","0","0","0","0","0","0"
"0","0","0","0","0","0","0"
"0","0","0","0","0","0","0"
"0","0","0","0","0","0","0"
"0","0","0","0","0","0","0"
"0","0","0","0","0","0","0"
"0","0","0","0","0","0","0"
"0","0","0","0","0","0","0"
"0","0","0","0","0","0","0"
"0","0","0","0","0","0","0"
"0","0","0","0","0","0","0"
"0","0","0","0","0","0","0"
"0","0","0","0","0","0","0"
"0","0","0","0","0","0","0"
"0","0","0","0","0","0","0"
"0","0","0","0","0","0","0"
"0","0","0","0","0","0","0"
"0","0","0","0","0","0","0"
"0","0","0","0","0","0","0"
"0","0","0","0","0","0","0"
"0","0","0","0","0","0","0"
"0","0","0","0","0","0","0"
"0","0","0","0","0","0","0"
"0","0","0","0","0","0","0"
"0","0","0","0","0","0","0"
"1","0","1","1","0","0","1"
"0","0","0","0","0","0","0"
"0","0","0","0","0","0","0"
"0","0","0","0","0","0","0"
"0","0","0","0","0","0","0"
"0","0","0","0","0","0","0"
"0","0","0","0","0","0","0"
"0","0","0","0","0","0","0"
"0","0","0","0","0","0","0"
"0","0","0","0","0","0","0"
"1","0","1","1","0","0","1"
"1","0","1","1","0","0","1"
"1","0","1","1","0","0","1"
"1","0","1","1","0","0","1"
"0","0","0","0","0","0","0"
"0","0","0","0","0","0","0"
"0","0","0","0","0","0","0"
"0","0","0","0","0","0","0"
"0","0","0","0","0","0","0"
"0","0","0","0","0","0","0"
"0","0","0","0","0","0","0"
"0","0","0","0","0","0","0"
"0","0","0","0","0","0","0"
"0","0","0","0","0","0","0"
"0","0","0","0","0","0","0"
"0","0","0","0","0","0","0"
"1","0","1","1","0","0","1"
"0","0","0","0","0","0","0"
"0","0","0","0","0","0","0"
"0","0","0","0","0","0","0"
"0","0","0","0","0","0","0"
"0","0","0","0","0","0","0"
"0","0","0","0","0","0","0"
"0","0","0","0","0","0","0"
"0","0","0","0","0","0","0"
"0","0","0","0","0","0","0"
"0","0","0","0","0","0","0"
"0","0","0","0","0","0","0"
"0","0","0","0","0","0","0"
"0","0","0","0","0","0","0"
"0","0","0","0","0","0","0"
"0","0","0","0","0","0","0"
"0","0","0","0","0","0","0"
"0","0","0","0","0","0","0"
"0","0","0","0","0","0","0"
"0","0","0","0","0","0","0"
"0","0","0","0","0","0","0"
"0","0","0","0","0","0","0"
"0","0","0","0","0","0","0"
"0","0","0","0","0","0","0"
"0","0","0","0","0","0","0"
"0","0","0","0","0","0","0"
"0","0","0","0","0","0","0"
"0","0","0","0","0","0","0"
"0","0","0","0","0","0","0"
"0","0","0","0","0","0","0"
"0","0","0","0","0","0","0"
"0","0","0","0","0","0","0"
"0","0","0","0","0","0","0"
"0","0","0","0","0","0","0"
"0","0","0","0","0","0","0"
"0","0","0","0","0","0","0"
"0","0","0","0","0","0","0"
"0","0","0","0","0","0","0"
"0","0","0","0","0","0","0"
"0","0","0","0","0","0","0"
"0","0","0","0","0","0","0"
"0","0","0","0","0","0","0"
"0","0","0","0","0","0","0"
"0","0","0","0","0","0","0"
"0","0","0","0","0","0","0"
"0","0","0","0","0","0","0"
"0","0","0","0","0","0","0"
"0","0","0","0","0","0","0"
"0","0","0","0","0","0","0"
"0","0","0","0","0","0","0"
"0","0","0","0","0","0","0"
"0","0","0","0","0","0","0"
"0","0","0","0","0","0","0"
"0","0","0","0","0","0","0"
"0","0","0","0","0","0","0"
"0","0","0","0","0","0","0"
"0","0","0","0","0","0","0"
"0","0","0","0","0","0","0"
"0","0","0","0","0","0","0"
"0","0","0","0","0","0","0"
"0","0","0","0","0","0","0"
"0","0","0","0","0","0","0"
"0","0","0","0","0","0","0"
"0","0","0","0","0","0","0"
"0","0","0","0","0","0","0"
"0","0","0","0","0","0","0"
"0","0","0","0","0","0","0"
"0","0","0","0","0","0","0"
"0","0","0","0","0","0","0"
"0","0","0","0","0","0","0"
"0","0","0","0","0","0","0"
"0","0","0","0","0","0","0"
"0","0","0","0","0","0","0"
"0","0","0","0","0","0","0"
"0","0","0","0","0","0","0"
"0","0","0","0","0","0","0"
"0","0","0","0","0","0","0"
"0","0","0","0","0","0","0"
"0","0","0","0","0","0","0"
"0","0","0","0","0","0","0"
"0","0","0","0","0","0","0"
"0","0","0","0","0","0","0"
"0","0","0","0","0","0","0"
"0","0","0","0","0","0","0"
"0","0","0","0","0","0","0"
"0","0","0","0","0","0","0"
"0","0","0","0","0","0","0"
"0","0","0","0","0","0","0"
"0","0","0","0","0","0","0"
"0","0","0","0","0","0","0"
"0","0","0","0","0","0","0"
"0","0","0","0","0","0","0"
"0","0","0","0","0","0","0"
"0","0","0","0","0","0","0"
"0","0","0","0","0","0","0"
"0","0","0","0","0","0","0"
"0","0","0","0","0","0","0"
"0","0","0","0","0","0","0"
"0","0","0","0","0","0","0"
"0","0","0","0","0","0","0"
"0","0","0","0","0","0","0"
"0","0","0","0","0","0","0"
"0","0","0","0","0","0","0"
"0","0","0","0","0","0","0"
"0","0","0","0","0","0","0"
"0","0","0","0","0","0","0"
"0","0","0","0","0","0","0"
"0","0","0","0","0","0","0"
"0","0","0","0","0","0","0"
"0","0","0","0","0","0","0"
"0","0","0","0","0","0","0"
"0","0","0","0","0","0","0"
"0","0","0","0","0","0","0"
"0","0","0","0","0","0","0"
"0","0","0","0","0","0","0"
"0","0","0","0","0","0","0"
"0","0","0","0","0","0","0"
"0","0","0","0","0","0","0"
"0","0","0","0","0","0","0"
"0","0","0","0","0","0","0"
"0","0","0","0","0","0","0"
"0","0","0","0","0","0","0"
"0","0","0","0","0","0","0"
"0","0","0","0","0","0","0"
"0","0","0","0","0","0","0"
"0","0","0","0","0","0","0"
"0","0","0","0","0","0","0"
"0","0","0","0","0","0","0"
"0","0","0","0","0","0","0"
"0","0","0","0","0","0","0"
"0","0","0","0","0","0","0"
"0","0","0","0","0","0","0"
"0","0","0","0","0","0","0"
"0","0","0","0","0","0","0"
"0","0","0","0","0","0","0"
"0","0","0","0","0","0","0"
"0","0","0","0","0","0","0"
"0","0","0","0","0","0","0"
"0","0","0","0","0","0","0"
"0","0","0","0","0","0","0"
"0","0","0","0","0","0","0"
"0","0","0","0","0","0","0"
"0","0","0","0","0","0","0"
"0","0","0","0","0","0","0"
"0","0","0","0","0","0","0"
"0","0","0","0","0","0","0"
"0","0","0","0","0","0","0"
"0","0","0","0","0","0","0"
"0","0","0","0","0","0","0"
"0","0","0","0","0","0","0"
"0","0","0","0","0","0","0"
"0","0","0","0","0","0","0"
"0","0","0","0","0","0","0"
"0","0","0","0","0","0","0"
"0","0","0","0","0","0","0"
"0","0","0","0","0","0","0"
"0","0","0","0","0","0","0"
"0","0","0","0","0","0","0"
"0","0","0","0","0","0","0"
"0","0","0","0","0","0","0"
"0","0","0","0","0","0","0"
"0","0","0","0","0","0","0"
"0","0","0","0","0","0","0"
"0","0","0","0","0","0","0"
"0","0","0","0","0","0","0"
"0","0","0","0","0","0","0"
"0","0","0","0","0","0","0"
"0","0","0","0","0","0","0"
"0","0","0","0","0","0","0"
"0","0","0","0","0","0","0"
"0","0","0","0","0","0","0"
"0","0","0","0","0","0","0"
"0","0","0","0","0","0","0"
"0","0","0","0","0","0","0"
"0","0","0","0","0","0","0"
"0","0","0","0","0","0","0"
"0","0","0","0","0","0","0"
"0","0","0","0","0","0","0"
"0","0","0","0","0","0","0"
"0","0","0","0","0","0","0"
"0","0","0","0","0","0","0"
"0","0","0","0","0","0","0"
"0","0","0","0","0","0","0"
"0","0","0","0","0","0","0"
"0","0","0","0","0","0","0"
"0","0","0","0","0","0","0"
"0","0","0","0","0","0","0"
"0","0","0","0","0","0","0"
"0","0","0","0","0","0","0"
"0","0","0","0","0","0","0"
"0","0","0","0","0","0","0"
"0","0","0","0","0","0","0"
"0","0","0","0","0","0","0"
"0","0","0","0","0","0","0"
"0","0","0","0","0","0","0"
"0","0","0","0","0","0","0"
"0","0","0","0","0","0","0"
"0","0","0","0","0","0","0"
"0","0","0","0","0","0","0"
"0","0","0","0","0","0","0"
"0","0","0","0","0","0","0"
"0","0","0","0","0","0","0"
"0","0","0","0","0","0","0"
"0","0","0","0","0","0","0"
"0","0","0","0","0","0","0"
"0","0","0","0","0","0","0"
"0","0","0","0","0","0","0"
"0","0","0","0","0","0","0"
"0","0","0","0","0","0","0"
"0","0","0","0","0","0","0"
"0","0","0","0","0","0","0"
"0","0","0","0","0","0","0"
"0","0","0","0","0","0","0"
"0","0","0","0","0","0","0"
"0","0","0","0","0","0","0"
"0","0","0","0","0","0","0"
"0","0","0","0","0","0","0"
"0","0","0","0","0","0","0"
"0","0","0","0","0","0","0"
"0","0","0","0","0","0","0"
"0","0","0","0","0","0","0"
"0","0","0","0","0","0","0"
"0","0","0","0","0","0","0"
"0","0","0","0","0","0","0"
"0","0","0","0","0","0","0"
"0","0","0","0","0","0","0"
"0","0","0","0","0","0","0"
"0","0","0","0","0","0","0"
"0","0","0","0","0","0","0"
"0","0","0","0","0","0","0"
"0","0","0","0","0","0","0"
"0","0","0","0","0","0","0"
"0","0","0","0","0","0","0"
"0","0","0","0","0","0","0"
"0","0","0","0","0","0","0"
"0","0","0","0","0","0","0"
"0","0","0","0","0","0","0"
"0","0","0","0","0","0","0"
"0","0","0","0","0","0","0"
"0","0","0","0","0","0","0"
"0","0","0","0","0","0","0"
"0","0","0","0","0","0","0"
"0","0","0","0","0","0","0"
"0","0","0","0","0","0","0"
"0","0","0","0","0","0","0"
"0","0","0","0","0","0","0"
"0","0","0","0","0","0","0"
"0","0","0","0","0","0","0"
"0","0","0","0","0","0","0"
"0","0","0","0","0","0","0"
"0","0","0","0","0","0","0"
"0","0","0","0","0","0","0"
"0","0","0","0","0","0","0"
"0","0","0","0","0","0","0"
"0","0","0","0","0","0","0"
"0","0","0","0","0","0","0"
"0","0","0","0","0","0","0"
"0","0","0","0","0","0","0"
"0","0","0","0","0","0","0"
"0","0","0","0","0","0","0"
"0","0","0","0","0","0","0"
"0","0","0","0","0","0","0"
"0","0","0","0","0","0","0"
"0","0","0","0","0","0","0"
"0","0","0","0","0","0","0"
"0","0","0","0","0","0","0"
"0","0","0","0","0","0","0"
"0","0","0","0","0","0","0"
"0","0","0","0","0","0","0"
"0","0","0","0","0","0","0"
"0","0","0","0","0","0","0"
"0","0","0","0","0","0","0"
"0","0","0","0","0","0","0"
"0","0","0","0","0","0","0"
"0","0","0","0","0","0","0"
"0","0","0","0","0","0","0"
"0","0","0","0","0","0","0"
"0","0","0","0","0","0","0"
"0","0","0","0","0","0","0"
"0","0","0","0","0","0","0"
"0","0","0","0","0","0","0"
"0","0","0","0","0","0","0"
"0","0","0","0","0","0","0"
"0","0","0","0","0","0","0"
"0","0","0","0","0","0","0"
"0","0","0","0","0","0","0"
"0","0","0","0","0","0","0"
"0","0","0","0","0","0","0"
"0","0","0","0","0","0","0"
"0","0","0","0","0","0","0"
"0","0","0","0","0","0","0"
"0","0","0","0","0","0","0"
"0","0","0","0","0","0","0"
"0","0","0","0","0","0","0"
"0","0","0","0","0","0","0"
"0","0","0","0","0","0","0"
"0","0","0","0","0","0","0"
"0","0","0","0","0","0","0"
"0","0","0","0","0","0","0"
"0","0","0","0","0","0","0"
"0","0","0","0","0","0","0"
"0","0","0","0","0","0","0"
"0","0","0","0","0","0","0"
"0","0","0","0","0","0","0"
"0","0","0","0","0","0","0"
"0","0","0","0","0","0","0"
"0","0","0","0","0","0","0"
"0","0","0","0","0","0","0"
"0","0","0","0","0","0","0"
"0","0","0","0","0","0","0"
"0","0","0","0","0","0","0"
"0","0","0","0","0","0","0"
"0","0","0","0","0","0","0"
"0","0","0","0","0","0","0"
"0","0","0","0","0","0","0"
"0","0","0","0","0","0","0"
"0","0","0","0","0","0","0"
"0","0","0","0","0","0","0"
"0","0","0","0","0","0","0"
"0","0","0","0","0","0","0"
"0","0","0","0","0","0","0"
"0","0","0","0","0","0","0"
"0","0","0","0","0","0","0"
"0","0","0","0","0","0","0"
"0","0","0","0","0","0","0"
"0","0","0","0","0","0","0"
"0","0","0","0","0","0","0"
"0","0","0","0","0","0","0"
"0","0","0","0","0","0","0"
"0","0","0","0","0","0","0"
"0","0","0","0","0","0","0"
"0","0","0","0","0","0","0"
"0","0","0","0","0","0","0"
"0","0","0","0","0","0","0"
"0","0","0","0","0","0","0"
"0","0","0","0","0","0","0"
"0","0","0","0","0","0","0"
"0","0","0","0","0","0","0"
"0","0","0","0","0","0","0"
"0","0","0","0","0","0","0"
"0","0","0","0","0","0","0"
"0","0","0","0","0","0","0"
"0","0","0","0","0","0","0"
"0","0","0","0","0","0","0"
"0","0","0","0","0","0","0"
"0","0","0","0","0","0","0"
"0","0","0","0","0","0","0"
"0","0","0","0","0","0","0"
"0","0","0","0","0","0","0"
"0","0","0","0","0","0","0"
"0","0","0","0","0","0","0"
"0","0","0","0","0","0","0"
"0","0","0","0","0","0","0"
"0","0","0","0","0","0","0"
"0","0","0","0","0","0","0"
"0","0","0","0","0","0","0"
"0","0","0","0","0","0","0"
"0","0","0","0","0","0","0"
"0","0","0","0","0","0","0"
"0","0","0","0","0","0","0"
"0","0","0","0","0","0","0"
"0","0","0","0","0","0","0"
"0","0","0","0","0","0","0"
"0","0","0","0","0","0","0"
"0","0","0","0","0","0","0"
"0","0","0","0","0","0","0"
"0","0","0","0","0","0","0"
"0","0","0","0","0","0","0"
"0","0","0","0","0","0","0"
"0","0","0","0","0","0","0"
"0","0","0","0","0","0","0"
"0","0","0","0","0","0","0"
"0","0","0","0","0","0","0"
"0","0","0","0","0","0","0"
"0","0","0","0","0","0","0"
"0","0","0","0","0","0","0"
"0","0","0","0","0","0","0"
"0","0","0","0","0","0","0"
"0","0","0","0","0","0","0"
"0","0","0","0","0","0","0"
"0","0","0","0","0","0","0"
"0","0","0","0","0","0","0"
"0","0","0","0","0","0","0"
"0","0","0","0","0","0","0"
"0","0","0","0","0","0","0"
"0","0","0","0","0","0","0"
"0","0","0","0","0","0","0"
"0","0","0","0","0","0","0"
"0","0","0","0","0","0","0"
"0","0","0","0","0","0","0"
"0","0","0","0","0","0","0"
"0","0","0","0","0","0","0"
"0","0","0","0","0","0","0"
"0","0","0","0","0","0","0"
"0","0","0","0","0","0","0"
"0","0","0","0","0","0","0"
"0","0","0","0","0","0","0"
"0","0","0","0","0","0","0"
"0","0","0","0","0","0","0"
"0","0","0","0","0","0","0"
"0","0","0","0","0","0","0"
"0","0","0","0","0","0","0"
"0","0","0","0","0","0","0"
"0","0","0","0","0","0","0"
"0","0","0","0","0","0","0"
"0","0","0","0","0","0","0"
"0","0","0","0","0","0","0"
"0","0","0","0","0","0","0"
"0","0","0","0","0","0","0"
"0","0","0","0","0","0","0"
"0","0","0","0","0","0","0"
"0","0","0","0","0","0","0"
"0","0","0","0","0","0","0"
"0","0","0","0","0","0","0"
"0","0","0","0","0","0","0"
"0","0","0","0","0","0","0"
"0","0","0","0","0","0","0"
"0","0","0","0","0","0","0"
"0","0","0","0","0","0","0"
"0","0","0","0","0","0","0"
"0","0","0","0","0","0","0"
"0","0","0","0","0","0","0"
"0","0","0","0","0","0","0"
"0","0","0","0","0","0","0"
"0","0","0","0","0","0","0"
"0","0","0","0","0","0","0"
"0","0","0","0","0","0","0"
"0","0","0","0","0","0","0"
"0","0","0","0","0","0","0"
"0","0","0","0","0","0","0"
"0","0","0","0","0","0","0"
"0","0","0","0","0","0","0"
"0","0","0","0","0","0","0"
"0","0","0","0","0","0","0"
"0","0","0","0","0","0","0"
"0","0","0","0","0","0","0"
"0","0","0","0","0","0","0"
"0","0","0","0","0","0","0"
"0","0","0","0","0","0","0"
"0","0","0","0","0","0","0"
"0","0","0","0","0","0","0"
"0","0","0","0","0","0","0"
"0","0","0","0","0","0","0"
"0","0","0","0","0","0","0"
"0","0","0","0","0","0","0"
"0","0","0","0","0","0","0"
"0","0","0","0","0","0","0"
"0","0","0","0","0","0","0"
"0","0","0","0","0","0","0"
"0","0","0","0","0","0","0"
"0","0","0","0","0","0","0"
"0","0","0","0","0","0","0"
"0","0","0","0","0","0","0"
"0","0","0","0","0","0","0"
"0","0","0","0","0","0","0"
"0","0","0","0","0","0","0"
"0","0","0","0","0","0","0"
"0","0","0","0","0","0","0"
"0","0","0","0","0","0","0"
"0","0","0","0","0","0","0"
"0","0","0","0","0","0","0"
"0","0","0","0","0","0","0"
"0","0","0","0","0","0","0"
"0","0","0","0","0","0","0"
"0","0","0","0","0","0","0"
"0","0","0","0","0","0","0"
"0","0","0","0","0","0","0"
"0","0","0","0","0","0","0"
"0","0","0","0","0","0","0"
"0","0","0","0","0","0","0"
"0","0","0","0","0","0","0"
"0","0","0","0","0","0","0"
"0","0","0","0","0","0","0"
"0","0","0","0","0","0","0"
"0","0","0","0","0","0","0"
"0","0","0","0","0","0","0"
"0","0","0","0","0","0","0"
"0","0","0","0","0","0","0"
"0","0","0","0","0","0","0"
"0","0","0","0","0","0","0"
"0","0","0","0","0","0","0"
"0","0","0","0","0","0","0"
"0","0","0","0","0","0","0"
"0","0","0","0","0","0","0"
"0","0","0","0","0","0","0"
"0","0","0","0","0","0","0"
"0","0","0","0","0","0","0"
"0","0","0","0","0","0","0"
"0","0","0","0","0","0","0"
"0","0","0","0","0","0","0"
"0","0","0","0","0","0","0"
"0","0","0","0","0","0","0"
"0","0","0","0","0","0","0"
"0","0","0","0","0","0","0"
"1","1","1","1","1","0","0"
"1","1","1","1","1","0","0"
"0","0","0","0","0","0","0"
"1","1","1","1","1","0","0"
"1","1","1","1","1","0","0"
"0","0","0","0","0","0","0"
"0","0","0","0","0","0","0"
"1","1","1","1","1","0","0"
"1","1","1","1","1","0","0"
"1","1","1","1","1","1","0"
"0","0","0","0","0","0","0"
"0","0","0","0","0","0","0"
"0","0","0","0","0","0","0"
"0","0","0","0","0","0","0"
"0","0","0","0","0","0","0"
"0","0","0","0","0","0","0"
"0","0","0","0","0","0","0"
"0","0","0","0","0","0","0"
"0","0","0","0","0","0","0"
"1","1","1","1","0","1","0"
"1","1","1","1","1","1","0"
"0","0","0","0","0","0","0"
"0","0","0","0","0","0","0"
"0","0","0","0","0","0","0"
"0","0","0","0","0","0","0"
"0","0","0","0","0","0","0"
"0","0","0","0","0","0","0"
"1","0","1","1","0","1","0"
"0","0","0","0","0","0","0"
"0","0","0","0","0","0","0"
"0","0","0","0","0","0","0"
"0","0","0","0","0","0","0"
"0","0","0","0","0","0","0"
"0","0","0","0","0","0","0"
"0","0","0","0","0","0","0"
"0","0","0","0","0","0","0"
"0","0","0","0","0","0","0"
"0","0","0","0","0","0","0"
"0","0","0","0","0","0","0"
"0","0","0","0","0","0","0"
"0","0","0","0","0","0","0"
"0","0","0","0","0","0","0"
"0","0","0","0","0","0","0"
"0","0","0","0","0","0","0"
"0","0","0","0","0","0","0"
"0","0","0","0","0","0","0"
"0","0","0","0","0","0","0"
"1","1","1","1","0","1","0"
"1","1","1","1","0","1","0"
"1","1","1","1","0","1","0"
"1","1","1","1","0","1","0"
"1","1","1","1","0","1","0"
"1","1","1","1","0","1","0"
"0","0","0","0","0","0","0"
"0","0","0","0","0","0","0"
"0","0","0","0","0","0","0"
"1","1","1","1","0","1","0"
"1","1","1","1","0","1","0"
"1","1","1","1","0","1","0"
"0","0","0","0","0","0","0"
"0","0","0","0","0","0","0"
"1","1","1","1","0","1","0"
"1","1","1","1","0","1","0"
"1","1","1","1","0","1","0"
"0","0","0","0","0","0","0"
"0","0","0","0","0","0","0"
"1","1","1","1","0","0","0"
"0","0","0","0","0","0","0"
"0","0","0","0","0","0","0"
"1","1","1","1","0","1","0"
"1","1","1","1","0","0","0"
"1","1","1","1","0","1","0"
"1","1","1","1","0","1","0"
"0","0","0","0","0","0","0"
"1","1","1","1","0","1","0"
"0","0","0","0","0","0","0"
"0","0","0","0","0","0","0"
"0","0","0","0","0","0","0"
"0","0","0","0","0","0","0"
"0","0","0","0","0","0","0"
"0","0","0","0","0","0","0"
"0","0","0","0","0","0","0"
"0","0","0","0","0","0","0"
"0","0","0","0","0","0","0"
"0","0","0","0","0","0","0"
"0","0","0","0","0","0","0"
"0","0","0","0","0","0","0"
"0","0","0","0","0","0","0"
"0","0","0","0","0","0","0"
"0","0","0","0","0","0","0"
"0","0","0","0","0","0","0"
"0","0","0","0","0","0","0"
"0","0","0","0","0","0","0"
"0","0","0","0","0","0","0"
"0","0","0","0","0","0","0"
"1","0","1","1","0","0","0"
"1","0","1","1","0","0","0"
"1","1","1","1","0","1","0"
"0","0","0","0","0","0","0"
"0","0","0","0","0","0","0"
"0","0","0","0","0","0","0"
"0","0","0","0","0","0","0"
"0","0","0","0","0","0","0"
"0","0","0","0","0","0","0"
"0","0","0","0","0","0","0"
"1","1","1","1","0","1","0"
"1","1","1","1","0","1","0"
"0","0","0","0","0","0","0"
"0","0","0","0","0","0","0"
"0","0","0","0","0","0","0"
"0","0","0","0","0","0","0"
"0","0","0","0","0","0","0"
"0","0","0","0","0","0","0"
"0","0","0","0","0","0","0"
"0","0","0","0","0","0","0"
"0","0","0","0","0","0","0"
"0","0","0","0","0","0","0"
"0","0","0","0","0","0","0"
"0","0","0","0","0","0","0"
"0","0","0","0","0","0","0"
"0","0","0","0","0","0","0"
"0","0","0","0","0","0","0"
"0","0","0","0","0","0","0"
"0","0","0","0","0","0","0"
"0","0","0","0","0","0","0"
"0","0","0","0","0","0","0"
"0","0","0","0","0","0","0"
"0","0","0","0","0","0","0"
"0","0","0","0","0","0","0"
"0","0","0","0","0","0","0"
"0","0","0","0","0","0","0"
"0","0","0","0","0","0","0"
"0","0","0","0","0","0","0"
"0","0","0","0","0","0","0"
"0","0","0","0","0","0","0"
"0","0","0","0","0","0","0"
"0","0","0","0","0","0","0"
"0","0","0","0","0","0","0"
"0","0","0","0","0","0","0"
"0","0","0","0","0","0","0"
"0","0","0","0","0","0","0"
"0","0","0","0","0","0","0"
"0","0","0","0","0","0","0"
"0","0","0","0","0","0","0"
"0","0","0","0","0","0","0"
"0","0","0","0","0","0","0"
"0","0","0","0","0","0","0"
"0","0","0","0","0","0","0"
"0","0","0","0","0","0","0"
"0","0","0","0","0","0","0"
"0","0","0","0","0","0","0"
"0","0","0","0","0","0","0"
"0","0","0","0","0","0","0"
"0","0","0","0","0","0","0"
"0","0","0","0","0","0","0"
"0","0","0","0","0","0","0"
"0","0","0","0","0","0","0"
"0","0","0","0","0","0","0"
"0","0","0","0","0","0","0"
"0","0","0","0","0","0","0"
"1","1","1","1","0","1","0"
"1","1","1","1","1","0","0"
"0","0","0","0","0","0","0"
"0","0","0","0","0","0","0"
"0","0","0","0","0","0","0"
"0","0","0","0","0","0","0"
"0","0","0","0","0","0","0"
"0","0","0","0","0","0","0"
"0","0","0","0","0","0","0"
"0","0","0","0","0","0","0"
"0","0","0","0","0","0","0"
"0","0","0","0","0","0","0"
"0","0","0","0","0","0","0"
"0","0","0","0","0","0","0"
"1","0","1","1","1","0","0"
"1","0","1","1","1","0","0"
"1","0","1","1","1","0","0"
"1","0","1","1","1","0","0"
"1","0","1","1","1","0","0"
"1","0","1","1","1","0","0"
"0","0","0","0","0","0","0"
"0","0","0","0","0","0","0"
"0","0","0","0","0","0","0"
"0","0","0","0","0","0","0"
"0","0","0","0","0","0","0"
"0","0","0","0","0","0","0"
"0","0","0","0","0","0","0"
"0","0","0","0","0","0","0"
"1","0","1","1","0","1","0"
"0","0","0","0","0","0","0"
"0","0","0","0","0","0","0"
"0","0","0","0","0","0","0"
"0","0","0","0","0","0","0"
"0","0","0","0","0","0","0"
"0","0","0","0","0","0","0"
"1","1","1","1","1","0","0"
"1","1","1","1","1","0","0"
"1","1","1","1","1","0","0"
"1","1","1","1","1","0","0"
"1","1","1","1","1","0","0"
"0","0","0","0","0","0","0"
"0","0","0","0","0","0","0"
"0","0","0","0","0","0","0"
"0","0","0","0","0","0","0"
"0","0","0","0","0","0","0"
"0","0","0","0","0","0","0"
"0","0","0","0","0","0","0"
"0","0","0","0","0","0","0"
"0","0","0","0","0","0","0"
"0","0","0","0","0","0","0"
"0","0","0","0","0","0","0"
"0","0","0","0","0","0","0"
"0","0","0","0","0","0","0"
"0","0","0","0","0","0","0"
"0","0","0","0","0","0","0"
"1","1","1","1","0","1","0"
"0","0","0","0","0","0","0"
"0","0","0","0","0","0","0"
"0","0","0","0","0","0","0"
"0","0","0","0","0","0","0"
"0","0","0","0","0","0","0"
"0","0","0","0","0","0","0"
"0","0","0","0","0","0","0"
"1","1","1","1","0","1","0"
"1","1","1","1","0","1","0"
"0","0","0","0","0","0","0"
"0","0","0","0","0","0","0"
"0","0","0","0","0","0","0"
"0","0","0","0","0","0","0"
"0","0","0","0","0","0","0"
"0","0","0","0","0","0","0"
"0","0","0","0","0","0","0"
"1","1","1","1","0","1","0"
"0","0","0","0","0","0","0"
"0","0","0","0","0","0","0"
"0","0","0","0","0","0","0"
"1","1","1","1","0","1","0"
"1","1","1","1","1","1","0"
"0","0","0","0","0","0","0"
"1","1","1","1","1","0","0"
"1","1","1","1","0","1","0"
"0","0","0","0","0","0","0"
"0","0","0","0","0","0","0"
"0","0","0","0","0","0","0"
"1","1","0","0","0","1","0"
"1","1","1","1","0","1","0"
"1","1","1","1","0","1","0"
"0","0","0","0","0","0","0"
"0","0","0","0","0","0","0"
"0","0","0","0","0","0","0"
"0","0","0","0","0","0","0"
"1","1","1","1","0","0","0"
"0","0","0","0","0","0","0"
"0","0","0","0","0","0","0"
"0","0","0","0","0","0","0"
"1","1","1","1","0","1","0"
"1","1","1","1","0","1","0"
"0","0","0","0","0","0","0"
"0","0","0","0","0","0","0"
"1","1","1","1","0","1","0"
"1","1","1","1","1","0","0"
"0","0","0","0","0","0","0"
"0","0","0","0","0","0","0"
"0","0","0","0","0","0","0"
"0","0","0","0","0","0","0"
"0","0","0","0","0","0","0"
"0","0","0","0","0","0","0"
"0","0","0","0","0","0","0"
"0","0","0","0","0","0","0"
"0","0","0","0","0","0","0"
"0","0","0","0","0","0","0"
"0","0","0","0","0","0","0"
"0","0","0","0","0","0","0"
"1","1","1","1","0","1","0"
"1","1","1","1","0","1","0"
"1","1","1","1","0","1","0"
"1","1","1","1","0","1","0"
"0","0","0","0","0","0","0"
"0","0","0","0","0","0","0"
"0","0","0","0","0","0","0"
"0","0","0","0","0","0","0"
"0","0","0","0","0","0","0"
"0","0","0","0","0","0","0"
"0","0","0","0","0","0","0"
"0","0","0","0","0","0","0"
"0","0","0","0","0","0","0"
"0","0","0","0","0","0","0"
"0","0","0","0","0","0","0"
"0","0","0","0","0","0","0"
"0","0","0","0","0","0","0"
"0","0","0","0","0","0","0"
"1","1","1","1","0","1","0"
"0","0","0","0","0","0","0"
"0","0","0","0","0","0","0"
"0","0","0","0","0","0","0"
"0","0","0","0","0","0","0"
"0","0","0","0","0","0","0"
"0","0","0","0","0","0","0"
"0","0","0","0","0","0","0"
"0","0","0","0","0","0","0"
"0","0","0","0","0","0","0"
"0","0","0","0","0","0","0"
"0","0","0","0","0","0","0"
"0","0","0","0","0","0","0"
"0","0","0","0","0","0","0"
"0","0","0","0","0","0","0"
"0","0","0","0","0","0","0"
"0","0","0","0","0","0","0"
"0","0","0","0","0","0","0"
"0","0","0","0","0","0","0"
"0","0","0","0","0","0","0"
"0","0","0","0","0","0","0"
"0","0","0","0","0","0","0"
"0","0","0","0","0","0","0"
"0","0","0","0","0","0","0"
"0","0","0","0","0","0","0"
"0","0","0","0","0","0","0"
"1","1","1","1","0","1","0"
"1","1","1","1","0","1","0"
"1","1","1","1","0","1","0"
"1","1","1","1","0","1","0"
"1","1","1","1","1","1","0"
"0","0","0","0","0","0","0"
"0","0","0","0","0","0","0"
"0","0","0","0","0","0","0"
"0","0","0","0","0","0","0"
"0","0","0","0","0","0","0"
"0","0","0","0","0","0","0"
"1","1","1","1","0","1","0"
"1","0","1","1","0","0","0"
"0","0","0","0","0","0","0"
"0","0","0","0","0","0","0"
"0","0","0","0","0","0","0"
"0","0","0","0","0","0","0"
"0","0","0","0","0","0","0"
"0","0","0","0","0","0","0"
"1","1","1","1","0","1","0"
"0","0","0","0","0","0","0"
"0","0","0","0","0","0","0"
"0","0","0","0","0","0","0"
"0","0","0","0","0","0","0"
"0","0","0","0","0","0","0"
"0","0","0","0","0","0","0"
"1","1","1","1","0","1","0"
"0","0","0","0","0","0","0"
"0","0","0","0","0","0","0"
"0","0","0","0","0","0","0"
"0","0","0","0","0","0","0"
"1","1","1","1","0","1","0"
"1","1","1","1","0","1","0"
"1","1","1","1","0","1","0"
"0","0","0","0","0","0","0"
"0","0","0","0","0","0","0"
"0","0","0","0","0","0","0"
"0","0","0","0","0","0","0"
"0","0","0","0","0","0","0"
"0","0","0","0","0","0","0"
"0","0","0","0","0","0","0"
"0","0","0","0","0","0","0"
"0","0","0","0","0","0","0"
"0","0","0","0","0","0","0"
"0","0","0","0","0","0","0"
"0","0","0","0","0","0","0"
"0","0","0","0","0","0","0"
"0","0","0","0","0","0","0"
"0","0","0","0","0","0","0"
"0","0","0","0","0","0","0"
"0","0","0","0","0","0","0"
"0","0","0","0","0","0","0"
"0","0","0","0","0","0","0"
"0","0","0","0","0","0","0"
"0","0","0","0","0","0","0"
"0","0","0","0","0","0","0"
"0","0","0","0","0","0","0"
"0","0","0","0","0","0","0"
"0","0","0","0","0","0","0"
"0","0","0","0","0","0","0"
"0","0","0","0","0","0","0"
"0","0","0","0","0","0","0"
"0","0","0","0","0","0","0"
"0","0","0","0","0","0","0"
"0","0","0","0","0","0","0"
"0","0","0","0","0","0","0"
"0","0","0","0","0","0","0"
"0","0","0","0","0","0","0"
"0","0","0","0","0","0","0"
"0","0","0","0","0","0","0"
"0","0","0","0","0","0","0"
"0","0","0","0","0","0","0"
"0","0","0","0","0","0","0"
"0","0","0","0","0","0","0"
"0","0","0","0","0","0","0"
"0","0","0","0","0","0","0"
"0","0","0","0","0","0","0"
"0","0","0","0","0","0","0"
"0","0","0","0","0","0","0"
"0","0","0","0","0","0","0"
"0","0","0","0","0","0","0"
"0","0","0","0","0","0","0"
"0","0","0","0","0","0","0"
"0","0","0","0","0","0","0"
"0","0","0","0","0","0","0"
"0","0","0","0","0","0","0"
"0","0","0","0","0","0","0"
"0","0","0","0","0","0","0"
"0","0","0","0","0","0","0"
"0","0","0","0","0","0","0"
"0","0","0","0","0","0","0"
"0","0","0","0","0","0","0"
"0","0","0","0","0","0","0"
"0","0","0","0","0","0","0"
"0","0","0","0","0","0","0"
"0","0","0","0","0","0","0"
"0","0","0","0","0","0","0"
"0","0","0","0","0","0","0"
"0","0","0","0","0","0","0"
"0","0","0","0","0","0","0"
"0","0","0","0","0","0","0"
"0","0","0","0","0","0","0"
"0","0","0","0","0","0","0"
"0","0","0","0","0","0","0"
"0","0","0","0","0","0","0"
"0","0","0","0","0","0","0"
"0","0","0","0","0","0","0"
"0","0","0","0","0","0","0"
"0","0","0","0","0","0","0"
"0","0","0","0","0","0","0"
"0","0","0","0","0","0","0"
"0","0","0","0","0","0","0"
"0","0","0","0","0","0","0"
"0","0","0","0","0","0","0"
"0","0","0","0","0","0","0"
"1","1","1","1","1","0","0"
"1","1","1","1","1","0","0"
"0","0","0","0","0","0","0"
"0","0","0","0","0","0","0"
"0","0","0","0","0","0","0"
"0","0","0","0","0","0","0"
"0","0","0","0","0","0","0"
"0","0","0","0","0","0","0"
"0","0","0","0","0","0","0"
"0","0","0","0","0","0","0"
"0","0","0","0","0","0","0"
"0","0","0","0","0","0","0"
"0","0","0","0","0","0","0"
"0","0","0","0","0","0","0"
"0","0","0","0","0","0","0"
"0","0","0","0","0","0","0"
"0","0","0","0","0","0","0"
"0","0","0","0","0","0","0"
"0","0","0","0","0","0","0"
"0","0","0","0","0","0","0"
"0","0","0","0","0","0","0"
"0","0","0","0","0","0","0"
"0","0","0","0","0","0","0"
"0","0","0","0","0","0","0"
"0","0","0","0","0","0","0"
"0","0","0","0","0","0","0"
"0","0","0","0","0","0","0"
"0","0","0","0","0","0","0"
"0","0","0","0","0","0","0"
"0","0","0","0","0","0","0"
"0","0","0","0","0","0","0"
"0","0","0","0","0","0","0"
"0","0","0","0","0","0","0"
"1","1","1","1","1","0","0"
"0","0","0","0","0","0","0"
"0","0","0","0","0","0","0"
"0","0","0","0","0","0","0"
"1","1","1","1","1","0","0"
"1","1","1","1","1","0","0"
"0","0","0","0","0","0","0"
"0","0","0","0","0","0","0"
"0","0","0","0","0","0","0"
"0","0","0","0","0","0","0"
"0","0","0","0","0","0","0"
"0","0","0","0","0","0","0"
"0","0","0","0","0","0","0"
"0","0","0","0","0","0","0"
"0","0","0","0","0","0","0"
"1","1","1","1","1","0","0"
"0","0","0","0","0","0","0"
"0","0","0","0","0","0","0"
"0","0","0","0","0","0","0"
"1","1","1","1","1","0","0"
"1","1","1","1","1","0","0"
"0","0","0","0","0","0","0"
"1","1","1","1","1","0","0"
"1","1","0","0","1","0","0"
"1","1","1","1","1","0","0"
"0","0","0","0","0","0","0"
"0","0","0","0","0","0","0"
"0","0","0","0","0","0","0"
"0","0","0","0","0","0","0"
"0","0","0","0","0","0","0"
"0","0","0","0","0","0","0"
"0","0","0","0","0","0","0"
"0","0","0","0","0","0","0"
"0","0","0","0","0","0","0"
"0","0","0","0","0","0","0"
"0","0","0","0","0","0","0"
"0","0","0","0","0","0","0"
"0","0","0","0","0","0","0"
"0","0","0","0","0","0","0"
"0","0","0","0","0","0","0"
"0","0","0","0","0","0","0"
"0","0","0","0","0","0","0"
"0","0","0","0","0","0","0"
"0","0","0","0","0","0","0"
"0","0","0","0","0","0","0"
"0","0","0","0","0","0","0"
"0","0","0","0","0","0","0"
"0","0","0","0","0","0","0"
"0","0","0","0","0","0","0"
"0","0","0","0","0","0","0"
"0","0","0","0","0","0","0"
"0","0","0","0","0","0","0"
"0","0","0","0","0","0","0"
"0","0","0","0","0","0","0"
"0","0","0","0","0","0","0"
"0","0","0","0","0","0","0"
"0","0","0","0","0","0","0"
"0","0","0","0","0","0","0"
"0","0","0","0","0","0","0"
"0","0","0","0","0","0","0"
"0","0","0","0","0","0","0"
"0","0","0","0","0","0","0"
"0","0","0","0","0","0","0"
"0","0","0","0","0","0","0"
"0","0","0","0","0","0","0"
"0","0","0","0","0","0","0"
"0","0","0","0","0","0","0"
"0","0","0","0","0","0","0"
"0","0","0","0","0","0","0"
"0","0","0","0","0","0","0"
"0","0","0","0","0","0","0"
"0","0","0","0","0","0","0"
"0","0","0","0","0","0","0"
"0","0","0","0","0","0","0"
"0","0","0","0","0","0","0"
"0","0","0","0","0","0","0"
"0","0","0","0","0","0","0"
"0","0","0","0","0","0","0"
"0","0","0","0","0","0","0"
"0","0","0","0","0","0","0"
"0","0","0","0","0","0","0"
"0","0","0","0","0","0","0"
"0","0","0","0","0","0","0"
"0","0","0","0","0","0","0"
"0","0","0","0","0","0","0"
"0","0","0","0","0","0","0"
"0","0","0","0","0","0","0"
"0","0","0","0","0","0","0"
"0","0","0","0","0","0","0"
"0","0","0","0","0","0","0"
"0","0","0","0","0","0","0"
"0","0","0","0","0","0","0"
"0","0","0","0","0","0","0"
"0","0","0","0","0","0","0"
"0","0","0","0","0","0","0"
"0","0","0","0","0","0","0"
"0","0","0","0","0","0","0"
"0","0","0","0","0","0","0"
"0","0","0","0","0","0","0"
"0","0","0","0","0","0","0"
"0","0","0","0","0","0","0"
"0","0","0","0","0","0","0"
"0","0","0","0","0","0","0"
"0","0","0","0","0","0","0"
"0","0","0","0","0","0","0"
"0","0","0","0","0","0","0"
"0","0","0","0","0","0","0"
"0","0","0","0","0","0","0"
"0","0","0","0","0","0","0"
"0","0","0","0","0","0","0"
"0","0","0","0","0","0","0"
"0","0","0","0","0","0","0"
"0","0","0","0","0","0","0"
"0","0","0","0","0","0","0"
"0","0","0","0","0","0","0"
"0","0","0","0","0","0","0"
"0","0","0","0","0","0","0"
"0","0","0","0","0","0","0"
"0","0","0","0","0","0","0"
"0","0","0","0","0","0","0"
"0","0","0","0","0","0","0"
"0","0","0","0","0","0","0"
"0","0","0","0","0","0","0"
"0","0","0","0","0","0","0"
"0","0","0","0","0","0","0"
"0","0","0","0","0","0","0"
"0","0","0","0","0","0","0"
"0","0","0","0","0","0","0"
"0","0","0","0","0","0","0"
"0","0","0","0","0","0","0"
"0","0","0","0","0","0","0"
"0","0","0","0","0","0","0"
"0","0","0","0","0","0","0"
"0","0","0","0","0","0","0"
"0","0","0","0","0","0","0"
"0","0","0","0","0","0","0"
"0","0","0","0","0","0","0"
"0","0","0","0","0","0","0"
"0","0","0","0","0","0","0"
"0","0","0","0","0","0","0"
"0","0","0","0","0","0","0"
"0","0","0","0","0","0","0"
"0","0","0","0","0","0","0"
"0","0","0","0","0","0","0"
"0","0","0","0","0","0","0"
"0","0","0","0","0","0","0"
"0","0","0","0","0","0","0"
"1","1","1","1","0","0","0"
"0","0","0","0","0","0","0"
"0","0","0","0","0","0","0"
"1","1","1","1","0","0","1"
"1","1","1","1","0","0","1"
"0","0","0","0","0","0","0"
"0","0","0","0","0","0","0"
"0","0","0","0","0","0","0"
"0","0","0","0","0","0","0"
"0","0","0","0","0","0","0"
"0","0","0","0","0","0","0"
"0","0","0","0","0","0","0"
"0","0","0","0","0","0","0"
"0","0","0","0","0","0","0"
"0","0","0","0","0","0","0"
"0","0","0","0","0","0","0"
"0","0","0","0","0","0","0"
"0","0","0","0","0","0","0"
"0","0","0","0","0","0","0"
"0","0","0","0","0","0","0"
"0","0","0","0","0","0","0"
"0","0","0","0","0","0","0"
"0","0","0","0","0","0","0"
"0","0","0","0","0","0","0"
"0","0","0","0","0","0","0"
"0","0","0","0","0","0","0"
"1","1","1","1","1","0","0"
"1","1","1","1","1","0","0"
"1","1","1","1","1","0","0"
"1","1","1","1","1","0","0"
"1","1","1","1","1","0","0"
"0","0","0","0","0","0","0"
"0","0","0","0","0","0","0"
"0","0","0","0","0","0","0"
"0","0","0","0","0","0","0"
"0","0","0","0","0","0","0"
"0","0","0","0","0","0","0"
"0","0","0","0","0","0","0"
"0","0","0","0","0","0","0"
"1","0","1","1","0","0","0"
"1","0","1","1","0","0","0"
"1","0","1","1","0","0","0"
"1","1","1","1","0","0","0"
"1","1","1","1","0","0","0"
"0","0","0","0","0","0","0"
"0","0","0","0","0","0","0"
"0","0","0","0","0","0","0"
"0","0","0","0","0","0","0"
"0","0","0","0","0","0","0"
"0","0","0","0","0","0","0"
"0","0","0","0","0","0","0"
"0","0","0","0","0","0","0"
"0","0","0","0","0","0","0"
"1","0","1","1","0","1","0"
"1","0","1","1","0","1","0"
"0","0","0","0","0","0","0"
"0","0","0","0","0","0","0"
"0","0","0","0","0","0","0"
"0","0","0","0","0","0","0"
"0","0","0","0","0","0","0"
"0","0","0","0","0","0","0"
"0","0","0","0","0","0","0"
"0","0","0","0","0","0","0"
"0","0","0","0","0","0","0"
"0","0","0","0","0","0","0"
"0","0","0","0","0","0","0"
"0","0","0","0","0","0","0"
"1","1","1","1","0","0","1"
"1","1","1","1","0","0","1"
"1","1","1","1","0","0","1"
"1","1","1","1","0","0","1"
"1","1","1","1","0","0","1"
"1","1","1","1","0","0","1"
"1","1","1","1","0","0","1"
"1","1","1","1","0","0","0"
"1","1","1","1","0","0","1"
"1","1","1","1","0","0","1"
"1","1","1","1","0","0","1"
"1","1","1","1","0","0","1"
"1","1","1","1","0","0","0"
"1","1","1","1","0","0","1"
"1","1","1","1","0","0","1"
"1","1","1","1","0","0","1"
"1","1","1","1","0","0","1"
"1","1","1","1","0","0","1"
"1","1","1","1","0","0","1"
"1","1","1","1","0","0","1"
"1","1","1","1","0","0","1"
"1","1","1","1","0","0","1"
"1","1","1","1","0","0","1"
"1","1","1","1","0","0","1"
"1","1","1","1","0","0","1"
"1","1","1","1","0","0","1"
"0","0","0","0","0","0","0"
"0","0","0","0","0","0","0"
"0","0","0","0","0","0","0"
"0","0","0","0","0","0","0"
"0","0","0","0","0","0","0"
"0","0","0","0","0","0","0"
"0","0","0","0","0","0","0"
"0","0","0","0","0","0","0"
"0","0","0","0","0","0","0"
"0","0","0","0","0","0","0"
"0","0","0","0","0","0","0"
"0","0","0","0","0","0","0"
"0","0","0","0","0","0","0"
"0","0","0","0","0","0","0"
"0","0","0","0","0","0","0"
"0","0","0","0","0","0","0"
"0","0","0","0","0","0","0"
"0","0","0","0","0","0","0"
"0","0","0","0","0","0","0"
"0","0","0","0","0","0","0"
"0","0","0","0","0","0","0"
"0","0","0","0","0","0","0"
"0","0","0","0","0","0","0"
"0","0","0","0","0","0","0"
"0","0","0","0","0","0","0"
"0","0","0","0","0","0","0"
"0","0","0","0","0","0","0"
"0","0","0","0","0","0","0"
"0","0","0","0","0","0","0"
"0","0","0","0","0","0","0"
"0","0","0","0","0","0","0"
"0","0","0","0","0","0","0"
"0","0","0","0","0","0","0"
"0","0","0","0","0","0","0"
"0","0","0","0","0","0","0"
"0","0","0","0","0","0","0"
"0","0","0","0","0","0","0"
"0","0","0","0","0","0","0"
"0","0","0","0","0","0","0"
"0","0","0","0","0","0","0"
"0","0","0","0","0","0","0"
"0","0","0","0","0","0","0"
"0","0","0","0","0","0","0"
"0","0","0","0","0","0","0"
"0","0","0","0","0","0","0"
"0","0","0","0","0","0","0"
"0","0","0","0","0","0","0"
"0","0","0","0","0","0","0"
"0","0","0","0","0","0","0"
"0","0","0","0","0","0","0"
"0","0","0","0","0","0","0"
"0","0","0","0","0","0","0"
"0","0","0","0","0","0","0"
"0","0","0","0","0","0","0"
"0","0","0","0","0","0","0"
"0","0","0","0","0","0","0"
"0","0","0","0","0","0","0"
"0","0","0","0","0","0","0"
"0","0","0","0","0","0","0"
"0","0","0","0","0","0","0"
"0","0","0","0","0","0","0"
"0","0","0","0","0","0","0"
"0","0","0","0","0","0","0"
"0","0","0","0","0","0","0"
"0","0","0","0","0","0","0"
"0","0","0","0","0","0","0"
"0","0","0","0","0","0","0"
"0","0","0","0","0","0","0"
"0","0","0","0","0","0","0"
"0","0","0","0","0","0","0"
"0","0","0","0","0","0","0"
"0","0","0","0","0","0","0"
"0","0","0","0","0","0","0"
"0","0","0","0","0","0","0"
"0","0","0","0","0","0","0"
"0","0","0","0","0","0","0"
"0","0","0","0","0","0","0"
"0","0","0","0","0","0","0"
"0","0","0","0","0","0","0"
"0","0","0","0","0","0","0"
"0","0","0","0","0","0","0"
"0","0","0","0","0","0","0"
"0","0","0","0","0","0","0"
"0","0","0","0","0","0","0"
"0","0","0","0","0","0","0"
"0","0","0","0","0","0","0"
"0","0","0","0","0","0","0"
"0","0","0","0","0","0","0"
"0","0","0","0","0","0","0"
"0","0","0","0","0","0","0"
"0","0","0","0","0","0","0"
"0","0","0","0","0","0","0"
"0","0","0","0","0","0","0"
"0","0","0","0","0","0","0"
"0","0","0","0","0","0","0"
"0","0","0","0","0","0","0"
"0","0","0","0","0","0","0"
"0","0","0","0","0","0","0"
"0","0","0","0","0","0","0"
"0","0","0","0","0","0","0"
"0","0","0","0","0","0","0"
"0","0","0","0","0","0","0"
"0","0","0","0","0","0","0"
"0","0","0","0","0","0","0"
"0","0","0","0","0","0","0"
"0","0","0","0","0","0","0"
"0","0","0","0","0","0","0"
"0","0","0","0","0","0","0"
"0","0","0","0","0","0","0"
"0","0","0","0","0","0","0"
"0","0","0","0","0","0","0"
"0","0","0","0","0","0","0"
"0","0","0","0","0","0","0"
"0","0","0","0","0","0","0"
"0","0","0","0","0","0","0"
"0","0","0","0","0","0","0"
"0","0","0","0","0","0","0"
"0","0","0","0","0","0","0"
"0","0","0","0","0","0","0"
"0","0","0","0","0","0","0"
"0","0","0","0","0","0","0"
"0","0","0","0","0","0","0"
"0","0","0","0","0","0","0"
"0","0","0","0","0","0","0"
"0","0","0","0","0","0","0"
"0","0","0","0","0","0","0"
"0","0","0","0","0","0","0"
"0","0","0","0","0","0","0"
"0","0","0","0","0","0","0"
"0","0","0","0","0","0","0"
"0","0","0","0","0","0","0"
"0","0","0","0","0","0","0"
"0","0","0","0","0","0","0"
"0","0","0","0","0","0","0"
"0","0","0","0","0","0","0"
"0","0","0","0","0","0","0"
"0","0","0","0","0","0","0"
"0","0","0","0","0","0","0"
"0","0","0","0","0","0","0"
"0","0","0","0","0","0","0"
"0","0","0","0","0","0","0"
"0","0","0","0","0","0","0"
"0","0","0","0","0","0","0"
"0","0","0","0","0","0","0"
"0","0","0","0","0","0","0"
"0","0","0","0","0","0","0"
"0","0","0","0","0","0","0"
"0","0","0","0","0","0","0"
"0","0","0","0","0","0","0"
"0","0","0","0","0","0","0"
"0","0","0","0","0","0","0"
"0","0","0","0","0","0","0"
"0","0","0","0","0","0","0"
"0","0","0","0","0","0","0"
"0","0","0","0","0","0","0"
"0","0","0","0","0","0","0"
"0","0","0","0","0","0","0"
"0","0","0","0","0","0","0"
"0","0","0","0","0","0","0"
"0","0","0","0","0","0","0"
"0","0","0","0","0","0","0"
"0","0","0","0","0","0","0"
"0","0","0","0","0","0","0"
"0","0","0","0","0","0","0"
"0","0","0","0","0","0","0"
"0","0","0","0","0","0","0"
"0","0","0","0","0","0","0"
"0","0","0","0","0","0","0"
"0","0","0","0","0","0","0"
"0","0","0","0","0","0","0"
"0","0","0","0","0","0","0"
"0","0","0","0","0","0","0"
"0","0","0","0","0","0","0"
"0","0","0","0","0","0","0"
"0","0","0","0","0","0","0"
"0","0","0","0","0","0","0"
"0","0","0","0","0","0","0"
"0","0","0","0","0","0","0"
"0","0","0","0","0","0","0"
"0","0","0","0","0","0","0"
"0","0","0","0","0","0","0"
"0","0","0","0","0","0","0"
"0","0","0","0","0","0","0"
"0","0","0","0","0","0","0"
"0","0","0","0","0","0","0"
"0","0","0","0","0","0","0"
"0","0","0","0","0","0","0"
"0","0","0","0","0","0","0"
"0","0","0","0","0","0","0"
"0","0","0","0","0","0","0"
"0","0","0","0","0","0","0"
"0","0","0","0","0","0","0"
"0","0","0","0","0","0","0"
"0","0","0","0","0","0","0"
"0","0","0","0","0","0","0"
"0","0","0","0","0","0","0"
"0","0","0","0","0","0","0"
"0","0","0","0","0","0","0"
"0","0","0","0","0","0","0"
"0","0","0","0","0","0","0"
"0","0","0","0","0","0","0"
"0","0","0","0","0","0","0"
"0","0","0","0","0","0","0"
"0","0","0","0","0","0","0"
"0","0","0","0","0","0","0"
"0","0","0","0","0","0","0"
"0","0","0","0","0","0","0"
"0","0","0","0","0","0","0"
"0","0","0","0","0","0","0"
"0","0","0","0","0","0","0"
"0","0","0","0","0","0","0"
"0","0","0","0","0","0","0"
"0","0","0","0","0","0","0"
"0","0","0","0","0","0","0"
"0","0","0","0","0","0","0"
"0","0","0","0","0","0","0"
"0","0","0","0","0","0","0"
"0","0","0","0","0","0","0"
"0","0","0","0","0","0","0"
"0","0","0","0","0","0","0"
"0","0","0","0","0","0","0"
"0","0","0","0","0","0","0"
"0","0","0","0","0","0","0"
"0","0","0","0","0","0","0"
"0","0","0","0","0","0","0"
"0","0","0","0","0","0","0"
"0","0","0","0","0","0","0"
"0","0","0","0","0","0","0"
"0","0","0","0","0","0","0"
"0","0","0","0","0","0","0"
"0","0","0","0","0","0","0"
"0","0","0","0","0","0","0"
"0","0","0","0","0","0","0"
"0","0","0","0","0","0","0"
"0","0","0","0","0","0","0"
"0","0","0","0","0","0","0"
"0","0","0","0","0","0","0"
"0","0","0","0","0","0","0"
"0","0","0","0","0","0","0"
"0","0","0","0","0","0","0"
"0","0","0","0","0","0","0"
"0","0","0","0","0","0","0"
"0","0","0","0","0","0","0"
"0","0","0","0","0","0","0"
"0","0","0","0","0","0","0"
"0","0","0","0","0","0","0"
"0","0","0","0","0","0","0"
"0","0","0","0","0","0","0"
"0","0","0","0","0","0","0"
"0","0","0","0","0","0","0"
"0","0","0","0","0","0","0"
"0","0","0","0","0","0","0"
"0","0","0","0","0","0","0"
"0","0","0","0","0","0","0"
"0","0","0","0","0","0","0"
"0","0","0","0","0","0","0"
"0","0","0","0","0","0","0"
"0","0","0","0","0","0","0"
"0","0","0","0","0","0","0"
"0","0","0","0","0","0","0"
"0","0","0","0","0","0","0"
"0","0","0","0","0","0","0"
"0","0","0","0","0","0","0"
"0","0","0","0","0","0","0"
"0","0","0","0","0","0","0"
"0","0","0","0","0","0","0"
"0","0","0","0","0","0","0"
"0","0","0","0","0","0","0"
"0","0","0","0","0","0","0"
"0","0","0","0","0","0","0"
"0","0","0","0","0","0","0"
"0","0","0","0","0","0","0"
"0","0","0","0","0","0","0"
"0","0","0","0","0","0","0"
"0","0","0","0","0","0","0"
"0","0","0","0","0","0","0"
"0","0","0","0","0","0","0"
"0","0","0","0","0","0","0"
"0","0","0","0","0","0","0"
"0","0","0","0","0","0","0"
"0","0","0","0","0","0","0"
"0","0","0","0","0","0","0"
"0","0","0","0","0","0","0"
"0","0","0","0","0","0","0"
"0","0","0","0","0","0","0"
"0","0","0","0","0","0","0"
"0","0","0","0","0","0","0"
"0","0","0","0","0","0","0"
"0","0","0","0","0","0","0"
"0","0","0","0","0","0","0"
"0","0","0","0","0","0","0"
"0","0","0","0","0","0","0"
"0","0","0","0","0","0","0"
"0","0","0","0","0","0","0"
"0","0","0","0","0","0","0"
"0","0","0","0","0","0","0"
"0","0","0","0","0","0","0"
"0","0","0","0","0","0","0"
"0","0","0","0","0","0","0"
"0","0","0","0","0","0","0"
"0","0","0","0","0","0","0"
"0","0","0","0","0","0","0"
"0","0","0","0","0","0","0"
"0","0","0","0","0","0","0"
"0","0","0","0","0","0","0"
"0","0","0","0","0","0","0"
"0","0","0","0","0","0","0"
"0","0","0","0","0","0","0"
"0","0","0","0","0","0","0"
"0","0","0","0","0","0","0"
"0","0","0","0","0","0","0"
"0","0","0","0","0","0","0"
"0","0","0","0","0","0","0"
"0","0","0","0","0","0","0"
"0","0","0","0","0","0","0"
"0","0","0","0","0","0","0"
"0","0","0","0","0","0","0"
"0","0","0","0","0","0","0"
"0","0","0","0","0","0","0"
"0","0","0","0","0","0","0"
"0","0","0","0","0","0","0"
"0","0","0","0","0","0","0"
"0","0","0","0","0","0","0"
"0","0","0","0","0","0","0"
"0","0","0","0","0","0","0"
"0","0","0","0","0","0","0"
"0","0","0","0","0","0","0"
"0","0","0","0","0","0","0"
"0","0","0","0","0","0","0"
"0","0","0","0","0","0","0"
"0","0","0","0","0","0","0"
"0","0","0","0","0","0","0"
"0","0","0","0","0","0","0"
"0","0","0","0","0","0","0"
"0","0","0","0","0","0","0"
"0","0","0","0","0","0","0"
"0","0","0","0","0","0","0"
"0","0","0","0","0","0","0"
"0","0","0","0","0","0","0"
"0","0","0","0","0","0","0"
"0","0","0","0","0","0","0"
"0","0","0","0","0","0","0"
"0","0","0","0","0","0","0"
"0","0","0","0","0","0","0"
"0","0","0","0","0","0","0"
"0","0","0","0","0","0","0"
"0","0","0","0","0","0","0"
"0","0","0","0","0","0","0"
"0","0","0","0","0","0","0"
"0","0","0","0","0","0","0"
"0","0","0","0","0","0","0"
"0","0","0","0","0","0","0"
"0","0","0","0","0","0","0"
"0","0","0","0","0","0","0"
"0","0","0","0","0","0","0"
"0","0","0","0","0","0","0"
"0","0","0","0","0","0","0"
"0","0","0","0","0","0","0"
"0","0","0","0","0","0","0"
"0","0","0","0","0","0","0"
"0","0","0","0","0","0","0"
"0","0","0","0","0","0","0"
"0","0","0","0","0","0","0"
"0","0","0","0","0","0","0"
"0","0","0","0","0","0","0"
"0","0","0","0","0","0","0"
"0","0","0","0","0","0","0"
"0","0","0","0","0","0","0"
"0","0","0","0","0","0","0"
"0","0","0","0","0","0","0"
"0","0","0","0","0","0","0"
"0","0","0","0","0","0","0"
"0","0","0","0","0","0","0"
"0","0","0","0","0","0","0"
"0","0","0","0","0","0","0"
"0","0","0","0","0","0","0"
"0","0","0","0","0","0","0"
"0","0","0","0","0","0","0"
"0","0","0","0","0","0","0"
"0","0","0","0","0","0","0"
"0","0","0","0","0","0","0"
"0","0","0","0","0","0","0"
"0","0","0","0","0","0","0"
"0","0","0","0","0","0","0"
"0","0","0","0","0","0","0"
"0","0","0","0","0","0","0"
"0","0","0","0","0","0","0"
"0","0","0","0","0","0","0"
"0","0","0","0","0","0","0"
"0","0","0","0","0","0","0"
"0","0","0","0","0","0","0"
"0","0","0","0","0","0","0"
"0","0","0","0","0","0","0"
"0","0","0","0","0","0","0"
"0","0","0","0","0","0","0"
"0","0","0","0","0","0","0"
"0","0","0","0","0","0","0"
"0","0","0","0","0","0","0"
"0","0","0","0","0","0","0"
"0","0","0","0","0","0","0"
"0","0","0","0","0","0","0"
"0","0","0","0","0","0","0"
"0","0","0","0","0","0","0"
"0","0","0","0","0","0","0"
"0","0","0","0","0","0","0"
"0","0","0","0","0","0","0"
"0","0","0","0","0","0","0"
"0","0","0","0","0","0","0"
"0","0","0","0","0","0","0"
"0","0","0","0","0","0","0"
"0","0","0","0","0","0","0"
"0","0","0","0","0","0","0"
"0","0","0","0","0","0","0"
"0","0","0","0","0","0","0"
"0","0","0","0","0","0","0"
"0","0","0","0","0","0","0"
"0","0","0","0","0","0","0"
"0","0","0","0","0","0","0"
"0","0","0","0","0","0","0"
"0","0","0","0","0","0","0"
"0","0","0","0","0","0","0"
"0","0","0","0","0","0","0"
"0","0","0","0","0","0","0"
"0","0","0","0","0","0","0"
"0","0","0","0","0","0","0"
"0","0","0","0","0","0","0"
"0","0","0","0","0","0","0"
"0","0","0","0","0","0","0"
"0","0","0","0","0","0","0"
"0","0","0","0","0","0","0"
"0","0","0","0","0","0","0"
"0","0","0","0","0","0","0"
"0","0","0","0","0","0","0"
"0","0","0","0","0","0","0"
"0","0","0","0","0","0","0"
"0","0","0","0","0","0","0"
"0","0","0","0","0","0","0"
"0","0","0","0","0","0","0"
"0","0","0","0","0","0","0"
"0","0","0","0","0","0","0"
"0","0","0","0","0","0","0"
"0","0","0","0","0","0","0"
"0","0","0","0","0","0","0"
"0","0","0","0","0","0","0"
"0","0","0","0","0","0","0"
"0","0","0","0","0","0","0"
"0","0","0","0","0","0","0"
"0","0","0","0","0","0","0"
"0","0","0","0","0","0","0"
"0","0","0","0","0","0","0"
"0","0","0","0","0","0","0"
"0","0","0","0","0","0","0"
"0","0","0","0","0","0","0"
"0","0","0","0","0","0","0"
"0","0","0","0","0","0","0"
"0","0","0","0","0","0","0"
"0","0","0","0","0","0","0"
"0","0","0","0","0","0","0"
"0","0","0","0","0","0","0"
"0","0","0","0","0","0","0"
"0","0","0","0","0","0","0"
"0","0","0","0","0","0","0"
"0","0","0","0","0","0","0"
"1","0","1","1","0","0","0"
"0","0","0","0","0","0","0"
"0","0","0","0","0","0","0"
"1","0","1","1","0","0","0"
"1","0","1","1","0","0","0"
"1","0","1","1","0","0","0"
"0","0","0","0","0","0","0"
"1","0","1","1","0","0","0"
"1","0","1","1","0","0","0"
"1","0","1","1","0","0","0"
"1","0","1","1","0","0","0"
"1","0","1","1","0","0","0"
"0","0","0","0","0","0","0"
"0","0","0","0","0","0","0"
"0","0","0","0","0","0","0"
"0","0","0","0","0","0","0"
"0","0","0","0","0","0","0"
"0","0","0","0","0","0","0"
"0","0","0","0","0","0","0"
"0","0","0","0","0","0","0"
"0","0","0","0","0","0","0"
"0","0","0","0","0","0","0"
"0","0","0","0","0","0","0"
"0","0","0","0","0","0","0"
"0","0","0","0","0","0","0"
"0","0","0","0","0","0","0"
"0","0","0","0","0","0","0"
"0","0","0","0","0","0","0"
"0","0","0","0","0","0","0"
"0","0","0","0","0","0","0"
"0","0","0","0","0","0","0"
"0","0","0","0","0","0","0"
"0","0","0","0","0","0","0"
"0","0","0","0","0","0","0"
"0","0","0","0","0","0","0"
"0","0","0","0","0","0","0"
"0","0","0","0","0","0","0"
"0","0","0","0","0","0","0"
"0","0","0","0","0","0","0"
"0","0","0","0","0","0","0"
"0","0","0","0","0","0","0"
"0","0","0","0","0","0","0"
"0","0","0","0","0","0","0"
"0","0","0","0","0","0","0"
"0","0","0","0","0","0","0"
"0","0","0","0","0","0","0"
"0","0","0","0","0","0","0"
"0","0","0","0","0","0","0"
"0","0","0","0","0","0","0"
"0","0","0","0","0","0","0"
"0","0","0","0","0","0","0"
"0","0","0","0","0","0","0"
"0","0","0","0","0","0","0"
"0","0","0","0","0","0","0"
"0","0","0","0","0","0","0"
"0","0","0","0","0","0","0"
"0","0","0","0","0","0","0"
"0","0","0","0","0","0","0"
"0","0","0","0","0","0","0"
"0","0","0","0","0","0","0"
"0","0","0","0","0","0","0"
"0","0","0","0","0","0","0"
"0","0","0","0","0","0","0"
"0","0","0","0","0","0","0"
"0","0","0","0","0","0","0"
"0","0","0","0","0","0","0"
"0","0","0","0","0","0","0"
"0","0","0","0","0","0","0"
"0","0","0","0","0","0","0"
"0","0","0","0","0","0","0"
"0","0","0","0","0","0","0"
"0","0","0","0","0","0","0"
"0","0","0","0","0","0","0"
"0","0","0","0","0","0","0"
"0","0","0","0","0","0","0"
"0","0","0","0","0","0","0"
"0","0","0","0","0","0","0"
"0","0","0","0","0","0","0"
"0","0","0","0","0","0","0"
"0","0","0","0","0","0","0"
"0","0","0","0","0","0","0"
"0","0","0","0","0","0","0"
"0","0","0","0","0","0","0"
"0","0","0","0","0","0","0"
"0","0","0","0","0","0","0"
"0","0","0","0","0","0","0"
"0","0","0","0","0","0","0"
"0","0","0","0","0","0","0"
"0","0","0","0","0","0","0"
"0","0","0","0","0","0","0"
"0","0","0","0","0","0","0"
"0","0","0","0","0","0","0"
"1","1","1","1","1","0","0"
"0","0","0","0","0","0","0"
"0","0","0","0","0","0","0"
"0","0","0","0","0","0","0"
"0","0","0","0","0","0","0"
"0","0","0","0","0","0","0"
"0","0","0","0","0","0","0"
"0","0","0","0","0","0","0"
"0","0","0","0","0","0","0"
"0","0","0","0","0","0","0"
"0","0","0","0","0","0","0"
"0","0","0","0","0","0","0"
"0","0","0","0","0","0","0"
"0","0","0","0","0","0","0"
"0","0","0","0","0","0","0"
"0","0","0","0","0","0","0"
"0","0","0","0","0","0","0"
"0","0","0","0","0","0","0"
"0","0","0","0","0","0","0"
"0","0","0","0","0","0","0"
"0","0","0","0","0","0","0"
"0","0","0","0","0","0","0"
"0","0","0","0","0","0","0"
"0","0","0","0","0","0","0"
"0","0","0","0","0","0","0"
"0","0","0","0","0","0","0"
"0","0","0","0","0","0","0"
"0","0","0","0","0","0","0"
"0","0","0","0","0","0","0"
"0","0","0","0","0","0","0"
"0","0","0","0","0","0","0"
"0","0","0","0","0","0","0"
"0","0","0","0","0","0","0"
"0","0","0","0","0","0","0"
"0","0","0","0","0","0","0"
"0","0","0","0","0","0","0"
"0","0","0","0","0","0","0"
"0","0","0","0","0","0","0"
"0","0","0","0","0","0","0"
"0","0","0","0","0","0","0"
"0","0","0","0","0","0","0"
"0","0","0","0","0","0","0"
"0","0","0","0","0","0","0"
"0","0","0","0","0","0","0"
"0","0","0","0","0","0","0"
"0","0","0","0","0","0","0"
"0","0","0","0","0","0","0"
"0","0","0","0","0","0","0"
"0","0","0","0","0","0","0"
"0","0","0","0","0","0","0"
"0","0","0","0","0","0","0"
"0","0","0","0","0","0","0"
"1","1","1","1","0","1","0"
"0","0","0","0","0","0","0"
"0","0","0","0","0","0","0"
"0","0","0","0","0","0","0"
"0","0","0","0","0","0","0"
"0","0","0","0","0","0","0"
"0","0","0","0","0","0","0"
"0","0","0","0","0","0","0"
"0","0","0","0","0","0","0"
"0","0","0","0","0","0","0"
"1","1","1","1","0","1","0"
"1","0","1","1","0","0","0"
"0","0","0","0","0","0","0"
"0","0","0","0","0","0","0"
"0","0","0","0","0","0","0"
"0","0","0","0","0","0","0"
"0","0","0","0","0","0","0"
"0","0","0","0","0","0","0"
"1","0","1","1","0","1","0"
"1","0","1","1","0","1","0"
"1","0","1","1","0","0","0"
"0","0","0","0","0","0","0"
"0","0","0","0","0","0","0"
"0","0","0","0","0","0","0"
"0","0","0","0","0","0","0"
"0","0","0","0","0","0","0"
"0","0","0","0","0","0","0"
"0","0","0","0","0","0","0"
"0","0","0","0","0","0","0"
"0","0","0","0","0","0","0"
"0","0","0","0","0","0","0"
"0","0","0","0","0","0","0"
"0","0","0","0","0","0","0"
"0","0","0","0","0","0","0"
"0","0","0","0","0","0","0"
"0","0","0","0","0","0","0"
"0","0","0","0","0","0","0"
"0","0","0","0","0","0","0"
"0","0","0","0","0","0","0"
"0","0","0","0","0","0","0"
"0","0","0","0","0","0","0"
"0","0","0","0","0","0","0"
"0","0","0","0","0","0","0"
"0","0","0","0","0","0","0"
"0","0","0","0","0","0","0"
"0","0","0","0","0","0","0"
"0","0","0","0","0","0","0"
"0","0","0","0","0","0","0"
"0","0","0","0","0","0","0"
"0","0","0","0","0","0","0"
"0","0","0","0","0","0","0"
"0","0","0","0","0","0","0"
"0","0","0","0","0","0","0"
"0","0","0","0","0","0","0"
"0","0","0","0","0","0","0"
"0","0","0","0","0","0","0"
"0","0","0","0","0","0","0"
"0","0","0","0","0","0","0"
"0","0","0","0","0","0","0"
"0","0","0","0","0","0","0"
"1","1","1","1","0","1","0"
"1","1","1","1","0","1","0"
"1","1","1","1","0","1","0"
"1","1","1","1","0","1","0"
"1","1","1","1","0","1","0"
"1","1","1","1","0","1","0"
"1","1","1","1","0","1","0"
"1","1","1","1","0","1","0"
"1","1","1","1","0","1","0"
"1","1","1","1","0","1","0"
"1","1","1","1","0","1","0"
"1","1","1","1","0","1","0"
"1","1","1","1","0","1","0"
"1","1","1","1","0","1","0"
"1","1","1","1","0","1","0"
"1","1","1","1","0","1","0"
"1","1","1","1","0","1","0"
"1","1","1","1","0","1","0"
"1","1","1","1","0","1","0"
"1","1","1","1","0","1","0"
"1","1","1","1","0","1","0"
"1","1","1","1","0","1","0"
"1","1","1","1","0","1","0"
"1","1","1","1","0","1","0"
"1","1","1","1","0","1","0"
"1","0","1","1","0","1","0"
"0","0","0","0","0","0","0"
"0","0","0","0","0","0","0"
"0","0","0","0","0","0","0"
"0","0","0","0","0","0","0"
"0","0","0","0","0","0","0"
"0","0","0","0","0","0","0"
"0","0","0","0","0","0","0"
"0","0","0","0","0","0","0"
"0","0","0","0","0","0","0"
"0","0","0","0","0","0","0"
"0","0","0","0","0","0","0"
"0","0","0","0","0","0","0"
"0","0","0","0","0","0","0"
"0","0","0","0","0","0","0"
"0","0","0","0","0","0","0"
"0","0","0","0","0","0","0"
"0","0","0","0","0","0","0"
"0","0","0","0","0","0","0"
"0","0","0","0","0","0","0"
"0","0","0","0","0","0","0"
"0","0","0","0","0","0","0"
"0","0","0","0","0","0","0"
"0","0","0","0","0","0","0"
"0","0","0","0","0","0","0"
"0","0","0","0","0","0","0"
"0","0","0","0","0","0","0"
"0","0","0","0","0","0","0"
"1","1","1","1","0","1","0"
"1","1","1","1","0","1","0"
"1","1","1","1","0","1","0"
"1","1","1","1","0","1","0"
"1","1","1","1","0","1","0"
"1","1","1","1","0","1","0"
"1","1","1","1","0","1","0"
"1","1","1","1","0","1","0"
"1","1","1","1","0","1","0"
"1","1","1","1","0","1","0"
"1","1","1","1","0","1","0"
"1","1","1","1","0","1","0"
"1","1","1","1","0","1","0"
"1","1","1","1","0","1","0"
"1","1","1","1","0","1","0"
"1","1","1","1","0","1","0"
"1","1","1","1","0","1","0"
"1","1","1","1","0","1","0"
"1","1","1","1","0","1","0"
"1","1","1","1","0","1","0"
"1","1","1","1","0","1","0"
"1","1","1","1","0","1","0"
"1","1","1","1","0","1","0"
"1","1","1","1","0","1","0"
"1","1","1","1","0","1","0"
"1","1","1","1","0","1","0"
"1","1","1","1","0","1","0"
"1","1","1","1","0","1","0"
"1","1","1","1","0","1","0"
"1","1","1","1","0","1","0"
"1","1","1","1","0","1","0"
"1","1","1","1","0","1","0"
"1","1","1","1","0","1","0"
"1","1","1","1","0","1","0"
"1","1","1","1","0","1","0"
"1","1","1","1","0","1","0"
"1","1","1","1","0","1","0"
"1","1","1","1","0","1","0"
"1","1","1","1","0","1","0"
"1","1","1","1","0","1","0"
"1","1","1","1","0","1","0"
"1","1","1","1","0","1","0"
"1","1","1","1","0","1","0"
"1","1","1","1","0","1","0"
"1","1","1","1","0","1","0"
"1","1","1","1","0","1","0"
"1","1","1","1","0","1","0"
"1","1","1","1","0","1","0"
"1","1","1","1","0","1","0"
"1","1","1","1","0","1","0"
"1","1","1","1","0","1","0"
"1","1","1","1","0","1","0"
"1","1","1","1","0","1","0"
"1","1","1","1","0","1","0"
"1","1","1","1","0","1","0"
"1","1","1","1","0","1","0"
"1","1","1","1","0","1","0"
"1","1","1","1","0","1","0"
"1","1","1","1","0","1","0"
"1","1","1","1","0","1","0"
"1","1","1","1","0","1","0"
"1","1","1","1","0","1","0"
"1","1","1","1","0","1","0"
"1","1","1","1","0","1","0"
"1","1","1","1","0","1","0"
"1","1","1","1","0","1","0"
"1","1","1","1","0","1","0"
"1","1","1","1","0","1","0"
"1","1","1","1","0","1","0"
"1","1","1","1","0","1","0"
"1","1","1","1","0","1","0"
"1","1","1","1","0","1","0"
"1","1","1","1","0","1","0"
"1","1","1","1","0","1","0"
"1","1","1","1","0","1","0"
"1","1","1","1","0","1","0"
"1","1","1","1","0","1","0"
"1","1","1","1","0","1","0"
"1","1","1","1","0","1","0"
"1","1","1","1","0","1","0"
"1","1","1","1","0","1","0"
"1","1","1","1","0","1","0"
"1","1","1","1","0","1","0"
"1","1","1","1","0","1","0"
"1","1","1","1","0","1","0"
"1","1","1","1","0","1","0"
"1","1","1","1","0","1","0"
"1","1","1","1","0","1","0"
"1","1","1","1","0","1","0"
"1","1","1","1","0","1","0"
"1","1","1","1","0","1","0"
"1","1","1","1","0","1","0"
"1","1","1","1","0","1","0"
"1","1","1","1","0","1","0"
"1","1","1","1","0","1","0"
"1","1","1","1","0","1","0"
"1","1","1","1","0","1","0"
"1","1","1","1","0","1","0"
"1","1","1","1","0","1","0"
"1","1","1","1","0","1","0"
"1","1","1","1","0","1","0"
"1","1","1","1","0","1","0"
"1","1","1","1","0","1","0"
"1","1","1","1","0","1","0"
"1","1","1","1","0","1","0"
"1","1","1","1","0","1","0"
"1","1","1","1","0","1","0"
"1","1","1","1","0","1","0"
"1","1","1","1","0","1","0"
"1","1","1","1","0","1","0"
"1","1","1","1","0","1","0"
"1","1","1","1","0","1","0"
"1","1","1","1","1","0","0"
"1","1","1","1","1","0","0"
"1","1","1","1","1","0","0"
"0","0","0","0","0","0","0"
"0","0","0","0","0","0","0"
"1","1","1","1","0","1","0"
"0","0","0","0","0","0","0"
"0","0","0","0","0","0","0"
"1","1","1","1","0","1","0"
"1","1","1","1","0","1","0"
"1","1","1","1","0","1","0"
"1","1","1","1","1","0","0"
"1","1","1","1","1","0","0"
"0","0","0","0","0","0","0"
"0","0","0","0","0","0","0"
"1","1","1","1","1","0","0"
"1","1","1","1","1","0","0"
"1","1","1","1","1","0","0"
"1","1","1","1","1","0","0"
"1","1","1","1","1","0","0"
"0","0","0","0","0","0","0"
"1","1","1","1","1","0","0"
"1","1","1","1","1","0","0"
"1","1","1","1","1","0","0"
"1","1","1","1","1","0","0"
"0","0","0","0","0","0","0"
"1","1","1","1","1","0","0"
"0","0","0","0","0","0","0"
"1","1","1","1","1","0","0"
"1","1","1","1","1","0","0"
"1","1","1","1","1","0","0"
"1","1","1","1","1","0","0"
"1","1","1","1","1","0","0"
"1","1","1","1","1","0","0"
"1","1","1","1","1","0","0"
"1","1","1","1","1","0","0"
"1","1","1","1","1","0","0"
"0","0","0","0","0","0","0"
"1","1","1","1","1","0","0"
"1","1","1","1","1","0","0"
"0","0","0","0","0","0","0"
"0","0","0","0","0","0","0"
"0","0","0","0","0","0","0"
"1","1","1","1","1","0","0"
"0","0","0","0","0","0","0"
"1","1","1","1","1","0","0"
"1","1","1","1","1","0","0"
"0","0","0","0","0","0","0"
"1","1","1","1","1","0","0"
"0","0","0","0","0","0","0"
"1","1","1","1","1","0","0"
"0","0","0","0","0","0","0"
"1","1","1","1","1","0","0"
"1","1","1","1","1","0","0"
"0","0","0","0","0","0","0"
"0","0","0","0","0","0","0"
"0","0","0","0","0","0","0"
"0","0","0","0","0","0","0"
"1","1","1","1","0","1","0"
"0","0","0","0","0","0","0"
"0","0","0","0","0","0","0"
"0","0","0","0","0","0","0"
"0","0","0","0","0","0","0"
"0","0","0","0","0","0","0"
"0","0","0","0","0","0","0"
"0","0","0","0","0","0","0"
"0","0","0","0","0","0","0"
"0","0","0","0","0","0","0"
"0","0","0","0","0","0","0"
"0","0","0","0","0","0","0"
"0","0","0","0","0","0","0"
"1","1","1","1","1","0","0"
"1","1","1","1","1","0","0"
"0","0","0","0","0","0","0"
"0","0","0","0","0","0","0"
"0","0","0","0","0","0","0"
"0","0","0","0","0","0","0"
"0","0","0","0","0","0","0"
"0","0","0","0","0","0","0"
"0","0","0","0","0","0","0"
"0","0","0","0","0","0","0"
"0","0","0","0","0","0","0"
"0","0","0","0","0","0","0"
"0","0","0","0","0","0","0"
"0","0","0","0","0","0","0"
"0","0","0","0","0","0","0"
"0","0","0","0","0","0","0"
"0","0","0","0","0","0","0"
"0","0","0","0","0","0","0"
"0","0","0","0","0","0","0"
"0","0","0","0","0","0","0"
"0","0","0","0","0","0","0"
"0","0","0","0","0","0","0"
"0","0","0","0","0","0","0"
"1","1","1","1","1","0","0"
"1","1","1","1","1","0","0"
"1","1","1","1","1","0","0"
"1","1","1","1","1","0","0"
"1","1","1","1","1","0","0"
"1","1","1","1","1","0","0"
"1","1","1","1","1","0","0"
"1","1","1","1","1","0","0"
"1","1","1","1","1","0","0"
"1","1","1","1","1","0","0"
"1","1","1","1","1","0","0"
"1","1","1","1","1","0","0"
"1","1","1","1","1","0","0"
"1","1","1","1","1","0","0"
"1","1","1","1","1","0","0"
"0","0","0","0","0","0","0"
"0","0","0","0","0","0","0"
"0","0","0","0","0","0","0"
"0","0","0","0","0","0","0"
"0","0","0","0","0","0","0"
"0","0","0","0","0","0","0"
"0","0","0","0","0","0","0"
"0","0","0","0","0","0","0"
"0","0","0","0","0","0","0"
"0","0","0","0","0","0","0"
"0","0","0","0","0","0","0"
"0","0","0","0","0","0","0"
"0","0","0","0","0","0","0"
"0","0","0","0","0","0","0"
"0","0","0","0","0","0","0"
"0","0","0","0","0","0","0"
"0","0","0","0","0","0","0"
"0","0","0","0","0","0","0"
"0","0","0","0","0","0","0"
"0","0","0","0","0","0","0"
"0","0","0","0","0","0","0"
"0","0","0","0","0","0","0"
"0","0","0","0","0","0","0"
"0","0","0","0","0","0","0"
"0","0","0","0","0","0","0"
"0","0","0","0","0","0","0"
"0","0","0","0","0","0","0"
"0","0","0","0","0","0","0"
"0","0","0","0","0","0","0"
"0","0","0","0","0","0","0"
"0","0","0","0","0","0","0"
"0","0","0","0","0","0","0"
"0","0","0","0","0","0","0"
"0","0","0","0","0","0","0"
"0","0","0","0","0","0","0"
"0","0","0","0","0","0","0"
"0","0","0","0","0","0","0"
"0","0","0","0","0","0","0"
"0","0","0","0","0","0","0"
"0","0","0","0","0","0","0"
"0","0","0","0","0","0","0"
"0","0","0","0","0","0","0"
"0","0","0","0","0","0","0"
"0","0","0","0","0","0","0"
"0","0","0","0","0","0","0"
"0","0","0","0","0","0","0"
"0","0","0","0","0","0","0"
"0","0","0","0","0","0","0"
"0","0","0","0","0","0","0"
"0","0","0","0","0","0","0"
"0","0","0","0","0","0","0"
"0","0","0","0","0","0","0"
"0","0","0","0","0","0","0"
"0","0","0","0","0","0","0"
"0","0","0","0","0","0","0"
"0","0","0","0","0","0","0"
"0","0","0","0","0","0","0"
"0","0","0","0","0","0","0"
"0","0","0","0","0","0","0"
"0","0","0","0","0","0","0"
"0","0","0","0","0","0","0"
"0","0","0","0","0","0","0"
"0","0","0","0","0","0","0"
"0","0","0","0","0","0","0"
"0","0","0","0","0","0","0"
"0","0","0","0","0","0","0"
"0","0","0","0","0","0","0"
"0","0","0","0","0","0","0"
"0","0","0","0","0","0","0"
"0","0","0","0","0","0","0"
"0","0","0","0","0","0","0"
"0","0","0","0","0","0","0"
"0","0","0","0","0","0","0"
"0","0","0","0","0","0","0"
"0","0","0","0","0","0","0"
"0","0","0","0","0","0","0"
"0","0","0","0","0","0","0"
"0","0","0","0","0","0","0"
"0","0","0","0","0","0","0"
"0","0","0","0","0","0","0"
"0","0","0","0","0","0","0"
"0","0","0","0","0","0","0"
"0","0","0","0","0","0","0"
"0","0","0","0","0","0","0"
"0","0","0","0","0","0","0"
"0","0","0","0","0","0","0"
"0","0","0","0","0","0","0"
"0","0","0","0","0","0","0"
"0","0","0","0","0","0","0"
"0","0","0","0","0","0","0"
"0","0","0","0","0","0","0"
"0","0","0","0","0","0","0"
"0","0","0","0","0","0","0"
"0","0","0","0","0","0","0"
"0","0","0","0","0","0","0"
"0","0","0","0","0","0","0"
"1","1","1","1","0","1","0"
"0","0","0","0","0","0","0"
"0","0","0","0","0","0","0"
"0","0","0","0","0","0","0"
"0","0","0","0","0","0","0"
"0","0","0","0","0","0","0"
"0","0","0","0","0","0","0"
"0","0","0","0","0","0","0"
"0","0","0","0","0","0","0"
"0","0","0","0","0","0","0"
"0","0","0","0","0","0","0"
"0","0","0","0","0","0","0"
"0","0","0","0","0","0","0"
"0","0","0","0","0","0","0"
"0","0","0","0","0","0","0"
"0","0","0","0","0","0","0"
"0","0","0","0","0","0","0"
"0","0","0","0","0","0","0"
"0","0","0","0","0","0","0"
"0","0","0","0","0","0","0"
"0","0","0","0","0","0","0"
"0","0","0","0","0","0","0"
"0","0","0","0","0","0","0"
"0","0","0","0","0","0","0"
"0","0","0","0","0","0","0"
"0","0","0","0","0","0","0"
"0","0","0","0","0","0","0"
"0","0","0","0","0","0","0"
"0","0","0","0","0","0","0"
"0","0","0","0","0","0","0"
"0","0","0","0","0","0","0"
"0","0","0","0","0","0","0"
"0","0","0","0","0","0","0"
"0","0","0","0","0","0","0"
"0","0","0","0","0","0","0"
"0","0","0","0","0","0","0"
"0","0","0","0","0","0","0"
"0","0","0","0","0","0","0"
"0","0","0","0","0","0","0"
"0","0","0","0","0","0","0"
"0","0","0","0","0","0","0"
"1","1","1","1","0","1","0"
"1","1","1","1","0","1","0"
"1","1","1","1","0","1","0"
"1","1","1","1","0","1","0"
"0","0","0","0","0","0","0"
"0","0","0","0","0","0","0"
"0","0","0","0","0","0","0"
"0","0","0","0","0","0","0"
"1","1","1","1","0","1","0"
"0","0","0","0","0","0","0"
"0","0","0","0","0","0","0"
"0","0","0","0","0","0","0"
"0","0","0","0","0","0","0"
"0","0","0","0","0","0","0"
"0","0","0","0","0","0","0"
"0","0","0","0","0","0","0"
"0","0","0","0","0","0","0"
"0","0","0","0","0","0","0"
"0","0","0","0","0","0","0"
"0","0","0","0","0","0","0"
"0","0","0","0","0","0","0"
"0","0","0","0","0","0","0"
"0","0","0","0","0","0","0"
"0","0","0","0","0","0","0"
"0","0","0","0","0","0","0"
"0","0","0","0","0","0","0"
"0","0","0","0","0","0","0"
"0","0","0","0","0","0","0"
"0","0","0","0","0","0","0"
"0","0","0","0","0","0","0"
"0","0","0","0","0","0","0"
"0","0","0","0","0","0","0"
"0","0","0","0","0","0","0"
"1","0","1","1","0","1","0"
"0","0","0","0","0","0","0"
"0","0","0","0","0","0","0"
"1","1","1","1","0","1","0"
"0","0","0","0","0","0","0"
"0","0","0","0","0","0","0"
"0","0","0","0","0","0","0"
"0","0","0","0","0","0","0"
"0","0","0","0","0","0","0"
"0","0","0","0","0","0","0"
"0","0","0","0","0","0","0"
"0","0","0","0","0","0","0"
"0","0","0","0","0","0","0"
"0","0","0","0","0","0","0"
"0","0","0","0","0","0","0"
"0","0","0","0","0","0","0"
"0","0","0","0","0","0","0"
"0","0","0","0","0","0","0"
"1","1","1","1","0","1","0"
"1","1","1","1","0","1","0"
"1","1","1","1","0","0","0"
"0","0","0","0","0","0","0"
"0","0","0","0","0","0","0"
"1","0","1","1","0","1","0"
"0","0","0","0","0","0","0"
"0","0","0","0","0","0","0"
"0","0","0","0","0","0","0"
"0","0","0","0","0","0","0"
"0","0","0","0","0","0","0"
"0","0","0","0","0","0","0"
"0","0","0","0","0","0","0"
"0","0","0","0","0","0","0"
"0","0","0","0","0","0","0"
"0","0","0","0","0","0","0"
"0","0","0","0","0","0","0"
"0","0","0","0","0","0","0"
"0","0","0","0","0","0","0"
"0","0","0","0","0","0","0"
"0","0","0","0","0","0","0"
"0","0","0","0","0","0","0"
"0","0","0","0","0","0","0"
"0","0","0","0","0","0","0"
"0","0","0","0","0","0","0"
"0","0","0","0","0","0","0"
"0","0","0","0","0","0","0"
"0","0","0","0","0","0","0"
"0","0","0","0","0","0","0"
"0","0","0","0","0","0","0"
"0","0","0","0","0","0","0"
"0","0","0","0","0","0","0"
"0","0","0","0","0","0","0"
"0","0","0","0","0","0","0"
"0","0","0","0","0","0","0"
"0","0","0","0","0","0","0"
"0","0","0","0","0","0","0"
"0","0","0","0","0","0","0"
"0","0","0","0","0","0","0"
"0","0","0","0","0","0","0"
